TAZID,AreaTAZ,WalkBuff,AreaPrem,WalkPrem
638,1513119.170000388,1,291279.9632852635,19.0
639,1053656.0676748303,1,344425.06605698884,33.0
640,531797.3783874776,1,261585.26047062827,49.0
641,2000849.5527559645,1,355961.38863312785,18.0
642,1018087.7749998649,1,46528.04923462304,5.0
657,1898459.0091774205,1,121152.78506655835,6.0
658,343039.691319041,1,159710.57718482596,47.0
659,335904.1450356338,1,63194.52717363842,19.0
660,868096.8036985812,1,3814.675028126677,0.0
663,2368115.9808769356,1,552800.1316929208,23.0
664,592350.372016415,1,387947.17595292977,65.0
666,1257189.2684876553,1,11159.854474491012,1.0
698,2479068.6706659524,1,406807.14906939,16.0
699,2023226.5478572666,1,580506.0305194637,29.0
704,1050859.2599999558,1,327904.18669965095,31.0
705,1946938.5566220272,1,650341.2031821952,33.0
707,2249088.340410382,1,312466.54809180833,14.0
710,645256.2150001002,1,573.8675291301781,0.0
711,360579.03499964305,1,320315.83259545726,89.0
720,1120841.9554461641,1,115127.34425401248,10.0
721,876654.9896286188,1,644.6376742259918,0.0
722,843064.7174819119,1,83021.30818831385,10.0
729,1247106.97713918,1,4504.5994924653505,0.0
737,648877.33522436,1,560960.3710769427,86.0
738,297442.7299367308,1,212723.79735035475,72.0
739,1766559.4364780656,1,2352.874242643491,0.0
742,705612.9600979756,1,321089.43307592656,46.0
745,1278900.3778211242,1,7526.192176625132,1.0
747,1094450.2549999654,1,68145.763531294,6.0
748,1636546.316281335,1,402836.994960338,25.0
751,1097713.459999806,1,223542.77102013727,20.0
752,625243.1849993875,1,356547.6551469377,57.0
756,1706311.4099997415,1,431995.6974412743,25.0
757,1048260.4404999862,1,219547.84054101023,21.0
767,1390113.8102641718,1,547015.3847874035,39.0
768,1211395.8348422537,1,342401.15575630707,28.0
775,1689292.9324715063,1,235670.40829334845,14.0
776,1122642.20904569,1,227669.3918329705,20.0
777,728403.8252506815,1,59990.45559639555,8.0
780,761830.5953917105,1,548545.422828838,72.0
781,873191.0797167144,1,226626.88030505134,26.0
786,2019340.34967429,1,1277.1688240550093,0.0
822,898900.2400003215,1,173746.48867849412,19.0
823,519526.26530998,1,100930.15367536798,19.0
863,719695.9441050448,1,495768.60007607087,69.0
864,618141.6378740647,1,494300.38013042946,80.0
865,390294.61238637666,1,35034.10512027396,9.0
906,208856982.8709044,1,69676.25045755926,0.0
908,4654740.097636746,1,54486.60674610299,1.0
909,2497414.293321073,1,4946.160606906529,0.0
965,8259307.555050059,1,1299779.7276806538,16.0
973,740255.9485606166,1,145501.01448705993,20.0
979,1394065.1097042575,1,70079.02791607464,5.0
981,745883.1449999829,1,72600.37731402424,10.0
984,846362.7000001244,1,488529.76657250273,58.0
985,606524.104999769,1,532455.1438173279,88.0
986,392346.8850005119,1,391333.728217611,100.0
987,524407.7750000311,1,59917.56970275116,11.0
988,267236.4049996333,1,267236.4049996333,100.0
989,397621.9650000028,1,68169.84385609011,17.0
990,195818.18500004322,1,195818.18500004328,100.0
991,301276.4249998443,1,39085.58027801399,13.0
992,115740.82762563431,1,115740.82762563427,100.0
993,174810.8002925189,1,30939.06570426821,18.0
994,290306.7948790796,1,151129.90493569014,52.0
995,351162.3956747948,1,351162.39567479485,100.0
996,251557.54331918413,1,59494.129719453835,24.0
997,245926.0400000501,1,54480.91090712244,22.0
998,196272.39521327865,1,196272.39521327865,100.0
999,171766.33762806002,1,56329.5869824726,33.0
1007,858079.8281642515,1,659376.1922576106,77.0
1015,472889.83095562673,1,51609.00382940723,11.0
1016,555552.045000175,1,519525.0982311345,94.0
1017,589946.460000295,1,589186.5367806358,100.0
1018,127930.39999974072,1,63430.44669183552,50.0
1019,328811.7899997685,1,239466.17086843104,73.0
1020,244478.41499951755,1,244478.4149995176,100.0
1021,186168.43000006882,1,174542.93750355177,94.0
1022,123220.97500019065,1,123220.97500019062,100.0
1023,229820.86000008922,1,229820.86000008936,100.0
1024,162721.38500010702,1,162721.38500010702,100.0
1025,90375.86499992677,1,90375.86499992677,100.0
1026,138759.95999986888,1,138759.9599998689,100.0
1027,117315.21500009109,1,117315.2150000911,100.0
1028,58209.73499989646,1,58209.73499989646,100.0
1029,58973.904649957585,1,58973.90464995758,100.0
1030,58292.94000012804,1,58292.94000012804,100.0
1031,58952.17499986105,1,58952.17499986105,100.0
1032,116421.56499995617,1,116421.56499995616,100.0
1033,58964.264999933854,1,58964.264999933854,100.0
1034,58244.29500006402,1,58244.29500006401,100.0
1035,118158.08499998237,1,118158.08499998237,100.0
1036,58347.6500000176,1,58347.6500000176,100.0
1037,58307.900000129644,1,58307.900000129644,100.0
1038,102286.85499983776,1,102286.85499983771,100.0
1039,184152.53606631444,1,133750.00227219178,73.0
1040,58216.15500002815,1,58216.15500002813,100.0
1041,58303.15499995595,1,39323.523963313,67.0
1048,233277.6350000385,1,4833.318127874989,2.0
1050,178366.65239409782,1,18695.467759721647,10.0
1051,1580237.5684007278,1,1236174.7628931988,78.0
1052,622972.2021675175,1,618011.779852845,99.0
1058,758723.2800000705,1,16652.291310179025,2.0
1060,342820.52499979455,1,17134.981524868876,5.0
1064,454073.61000063975,1,103881.60095805096,23.0
1065,116609.81999985885,1,116609.81999985885,100.0
1066,116629.41000007938,1,116629.41000007936,100.0
1067,58219.26499999462,1,58219.26499999462,100.0
1068,58280.14500015734,1,58280.14500015734,100.0
1069,58302.75499996597,1,58302.75499996597,100.0
1070,58277.74499996367,1,58277.744999963674,100.0
1071,58252.189999965885,1,58252.18999996589,100.0
1072,58270.744999987655,1,58270.74499998764,100.0
1073,58224.125000037544,1,58224.12500003754,100.0
1074,58242.869999836825,1,58242.86999983682,100.0
1075,58357.74000023849,1,58357.74000023849,100.0
1076,58305.35999993431,1,58305.35999993431,100.0
1077,58285.65500015796,1,58285.65500015796,100.0
1078,58309.144999806,1,58309.144999806005,100.0
1079,58434.10000019055,1,58434.10000019054,100.0
1080,58424.26499990555,1,58424.26499990554,100.0
1081,58368.59000000365,1,58368.59000000367,100.0
1082,58293.77999986557,1,58293.77999986557,100.0
1083,58313.73000001145,1,58313.73000001146,100.0
1084,58252.254999923505,1,58252.25499992351,100.0
1085,58334.95499996075,1,58334.954999960755,100.0
1086,58354.38500019788,1,58354.38500019787,100.0
1087,58337.144999954544,1,58337.14499995454,100.0
1088,58274.79500003589,1,58274.79500003589,100.0
1089,58428.77499986347,1,57118.42338616803,98.0
1090,58260.22000005507,1,39756.497511756555,68.0
1091,58204.625000057786,1,58204.62500005779,100.0
1092,58282.60499999167,1,50963.67392131421,87.0
1093,58177.54999991287,1,3133.253637186066,5.0
1094,116487.49000000003,1,116487.49000000005,100.0
1095,116609.8650000721,1,116609.86500007211,100.0
1096,116617.95500018787,1,52538.07997610335,45.0
1097,175166.29499991707,1,175166.29499991704,100.0
1098,175320.74000017354,1,175320.74000017354,100.0
1099,175090.25000034794,1,77310.07320141888,44.0
1100,233264.9150000503,1,192169.9970001052,82.0
1101,178590.03766142935,1,177527.2823321988,99.0
1102,1517857.3502444436,1,546493.3052544768,36.0
1113,148779.09500001647,1,49352.545264437205,33.0
1114,313007.3249999863,1,294894.750628088,94.0
1115,332658.2750000897,1,46493.031369666554,14.0
1116,118330.17999982928,1,90481.5469850068,76.0
1117,58886.649999988265,1,58886.649999988265,100.0
1118,58580.50500015624,1,58580.50500015624,100.0
1119,58366.46999982806,1,58366.46999982807,100.0
1120,114904.15500014268,1,114904.1550001427,100.0
1121,57771.92499997383,1,57771.92499997383,100.0
1122,57918.65499990725,1,57918.65499990725,100.0
1123,58141.79500008255,1,58141.79500008255,100.0
1124,116661.3950000052,1,116661.39500000521,100.0
1125,58303.794999935824,1,58303.794999935824,100.0
1126,58330.92000021769,1,58330.92000021769,100.0
1127,58185.324999999495,1,58185.32499999949,100.0
1128,116568.812855903,1,116568.81285590297,100.0
1129,58338.57499993872,1,58338.57499993872,100.0
1130,58278.40000017379,1,58278.40000017379,100.0
1131,58228.11499985027,1,58228.11499985028,100.0
1132,116825.56243501579,1,116825.56243501579,100.0
1133,58505.47500010161,1,58505.475000101615,100.0
1134,58363.42000006653,1,58363.42000006653,100.0
1135,58222.719999960405,1,58222.719999960405,100.0
1136,116651.63499996491,1,115616.74047741084,99.0
1137,58442.074999992365,1,58442.074999992365,100.0
1138,58350.96500011309,1,58350.96500011309,100.0
1139,58307.58999984711,1,58307.58999984711,100.0
1140,116560.45000007101,1,95316.80887647829,82.0
1141,58351.670000026585,1,58351.670000026585,100.0
1142,58310.095000122405,1,58310.095000122405,100.0
1143,58200.04000003738,1,58200.04000003737,100.0
1144,116921.56999994695,1,68035.51516399666,58.0
1145,58493.85500014972,1,58493.85500014971,100.0
1146,58377.965000170974,1,58377.965000170974,100.0
1147,58348.039999912435,1,58348.03999991244,100.0
1148,116560.53500001995,1,11625.733827160866,10.0
1149,58392.33499999219,1,38050.73148251599,65.0
1150,58251.35499984425,1,58249.19268716146,100.0
1151,58274.610000040855,1,58274.610000040855,100.0
1153,174971.76000025266,1,99237.64825069337,57.0
1154,58157.004999950936,1,57046.08516338008,98.0
1155,58224.63999993595,1,58224.63999993595,100.0
1157,116567.90999974344,1,116567.90999974344,100.0
1158,116367.93000000875,1,116367.93000000878,100.0
1159,350141.7700000384,1,73822.66015545145,21.0
1160,173346.34499981187,1,173346.3449998119,100.0
1161,172331.52000018052,1,172331.52000018055,100.0
1162,354547.5511423597,1,49693.11762332624,14.0
1163,205661.0876149792,1,205661.08761497927,100.0
1164,179055.25492301257,1,165013.62686023675,92.0
1165,344915.208100947,1,45901.103091080695,13.0
1166,598646.2505516615,1,321768.4523856463,54.0
1167,573994.66839091,1,459276.7677247576,80.0
1168,276882.2389761114,1,271846.5812731961,98.0
1186,203732.465000098,1,87388.38554926284,43.0
1187,244642.3599997734,1,5277.021467584309,2.0
1188,243097.20000009955,1,198493.4628267687,82.0
1189,156612.46423165323,1,156612.46423165328,100.0
1190,102361.19245127015,1,102361.19245127012,100.0
1191,178282.4158067253,1,178282.41580672527,100.0
1192,219295.0721148749,1,218719.86118897152,100.0
1193,218888.92999997927,1,102399.46150068362,47.0
1203,474310.25120320276,1,12202.027383242594,3.0
1204,560044.9473544755,1,69762.00741021086,12.0
1205,968834.1471689319,1,9355.701488480077,1.0
1217,1032607.4200002482,1,35536.31415978887,3.0
1225,301374.27499990957,1,2123.5374131371004,1.0
1226,354161.12999975175,1,157508.72090678252,44.0
1227,213648.30999968783,1,142842.3125664604,67.0
1228,220606.961827543,1,147363.50937971796,67.0
1229,218066.275055073,1,121538.76332634284,56.0
1230,217238.61743025098,1,44231.78691273438,20.0
1249,669551.204499949,1,71741.46116045793,11.0
1252,297081.08500000153,1,443.3267082045066,0.0
1253,357485.125005256,1,131168.34608042144,37.0
1254,213223.9492041597,1,123791.10146176454,58.0
1255,220272.34499994406,1,127057.1111777411,58.0
1256,217822.0849999842,1,100281.58166575716,46.0
1257,216063.15000007267,1,62916.10978609509,29.0
1258,433373.2127941901,1,122324.78094982736,28.0
1259,431975.0743198855,1,127561.05429243851,30.0
1260,431120.2499999876,1,152733.8672617623,35.0
1261,435563.35999995115,1,161413.4742574575,37.0
1262,328931.2150001211,1,59119.048033320934,18.0
1263,257503.42999980377,1,12.217097256092995,0.0
1271,170666.00499993455,1,170666.00499993455,100.0
1272,174773.79500000004,1,174773.79500000007,100.0
1273,166935.45999984737,1,166935.45999984746,100.0
1274,105196.10000002952,1,105196.10000002952,100.0
1275,112475.5265957895,1,106242.33151418752,94.0
1276,175991.77616015787,1,88817.15549108968,50.0
1282,312707.2099999959,1,96935.6645132911,31.0
1283,198875.1500001862,1,198875.15000018617,100.0
1284,356916.6199998592,1,115275.91101677898,32.0
1285,158657.30000005855,1,158657.30000005857,100.0
1286,593640.9449997086,1,191863.72803897216,32.0
1287,194292.3650003704,1,194292.36500037042,100.0
1288,150055.76512076735,1,135736.79424778206,90.0
1289,184388.71887950166,1,20252.17253862264,11.0
1330,1385017.490000192,1,28030.20089326673,2.0
1331,1922019.070000363,1,1033984.3730390529,54.0
1349,348535.20499995374,1,91868.85235223496,26.0
1350,675483.4599999156,1,497769.5427543968,74.0
1351,483926.29499997164,1,450170.6442638213,93.0
1352,249401.34499996793,1,246128.99331301072,99.0
1353,1112338.8999998115,1,277114.522375712,25.0
1367,650212.4300000725,1,116219.41106864315,18.0
1368,343696.66000018327,1,203649.64332605037,59.0
1369,458496.3650000686,1,372727.7720642859,81.0
1370,493169.0649997968,1,184129.6065675174,37.0
1383,332119.4599996618,1,274242.5402911812,83.0
1384,392099.76500026317,1,387521.6972661295,99.0
1385,270539.94499984104,1,52940.6030284408,20.0
1395,567161.255000024,1,31303.669748301305,6.0
1396,398583.13000020623,1,299624.6950460716,75.0
1397,425864.92999970703,1,56059.308739083324,13.0
1439,788624.479999909,1,366025.0955817845,46.0
1440,1437702.3950000948,1,47122.26782260223,3.0
1441,507357.1849999487,1,4844.936122120938,1.0
1442,128184.40573478573,1,127386.6681879233,99.0
1443,83052.71107617591,1,83052.71107617588,100.0
1444,84303.25024006382,1,84303.2502400638,100.0
1445,168072.39499996582,1,168072.39499996582,100.0
1446,167123.78000002776,1,167123.78000002776,100.0
1447,169912.81500015125,1,169912.8150001513,100.0
1449,150723.9450000877,1,83727.64314711317,56.0
1450,148674.74499997668,1,2816.939493948261,2.0
1451,106019.25373988302,1,96856.00087167668,91.0
1452,154943.05000003814,1,35597.500008344694,23.0
1453,108754.03499984536,1,108754.03499984537,100.0
1454,152408.73499984242,1,51204.06578432256,34.0
1455,214584.50500009346,1,214584.50500009346,100.0
1456,152414.8799999489,1,51402.11177131765,34.0
1457,301742.68500027765,1,101259.5845607167,34.0
1458,209115.94499983778,1,209115.9449998378,100.0
1459,307888.7199998306,1,98198.05885336746,32.0
1460,211405.08000005226,1,211405.08000005217,100.0
1461,352067.89999994216,1,53663.81842575645,15.0
1463,167000.526014301,1,2791.789991698505,2.0
1464,171426.22836671054,1,2711.2432907373995,2.0
1470,891575.7049999165,1,2759.1042355574245,0.0
1471,201216.70177638775,1,159529.97811970525,79.0
1472,170114.8829436978,1,169415.41294374308,100.0
1473,178423.39670497196,1,177571.9915120592,100.0
1474,174226.57999981355,1,150731.60792067953,87.0
1475,176766.8950002391,1,62077.433727438125,35.0
1480,716521.9499999465,1,58163.754330914824,8.0
1481,275278.3688716041,1,202756.69134011655,74.0
1482,161561.57473449718,1,127888.33966089279,79.0
1483,138342.6999998843,1,100634.01001835175,73.0
1484,139173.36999984403,1,29084.552163022287,21.0
1489,343439.8900002559,1,35997.78166363739,10.0
1490,142839.66500017972,1,114592.16562788101,80.0
1491,268320.229959664,1,220192.5520548127,82.0
1492,185055.28148449672,1,167411.8912174529,90.0
1493,204908.05444834544,1,144403.61884132584,70.0
1494,203886.66500033683,1,64572.62697490944,32.0
1532,553132.8649996375,1,28145.501608730498,5.0
1533,189197.7600000401,1,133771.26215890673,71.0
1534,473657.3690049427,1,464150.82889561687,98.0
1535,200776.9050001627,1,95781.34967574674,48.0
1536,368757.554999846,1,197.2294466429198,0.0
1615,773284.0550001783,1,778.8502608308288,0.0
1616,284033.15000000765,1,247327.12868676384,87.0
1618,472937.60499959736,1,162390.1532274916,34.0
1619,304600.5400001776,1,304600.54000017734,100.0
1620,406680.95999999007,1,154106.42648233863,38.0
1621,148193.09499993717,1,148193.09499993714,100.0
1622,373045.55000009586,1,8728.852807070652,2.0
1623,330169.98499987595,1,84086.0318877912,25.0
1626,414384.4700000497,1,49999.692733535754,12.0
1627,417452.6332505748,1,268285.0459086777,64.0
1628,218455.04604522866,1,69900.0914706361,32.0
1632,442255.4799204886,1,83980.9973828885,19.0
1633,282739.1988090809,1,277184.90079992305,98.0
1634,493736.64992639364,1,447431.9092293896,91.0
1641,267401.8403871306,1,9123.418014935038,3.0
1642,185994.3895202275,1,3438.9641192336485,2.0
1643,1153961.7805726612,1,90434.70802145543,8.0
1656,462635.4499996415,1,3315.5597270467474,1.0
1657,210258.69999988592,1,90764.13274239538,43.0
1658,204047.84499992582,1,121604.33693338835,60.0
1659,809098.072423383,1,327415.27137336694,40.0
1667,382357.29000019433,1,32188.024641284184,8.0
1668,373323.66373738484,1,355017.72086540965,95.0
1669,560279.8347595676,1,363119.911714639,65.0
1725,1294268.6150000286,1,9868.606428476505,1.0
1726,1309756.5336087383,1,106990.20884479818,8.0
1727,1181759.5875925135,1,357556.3464632477,30.0
1739,640166.3599997059,1,179807.223627762,28.0
1740,675001.2415500282,1,325647.83133057936,48.0
1741,1094289.442856907,1,437484.60339942237,40.0
1742,840243.9777634762,1,282665.92103153537,34.0
1743,594813.6541282985,1,239330.0783983739,40.0
1744,355906.07998034585,1,355906.07998034585,100.0
1745,1237119.0685064837,1,522728.36683673447,42.0
1751,727382.6850003962,1,72359.87003023167,10.0
1752,548419.5840402616,1,402743.37762341957,73.0
1753,787372.9565916335,1,118015.65368048474,15.0
1754,1021012.9772573392,1,506497.1633276844,50.0
1760,637332.8472835049,1,462627.58805324615,73.0
1761,866075.8027620051,1,393392.653401705,45.0
1762,569864.7400000014,1,28584.437677675443,5.0
1770,1584904.0418498786,1,520180.170943051,33.0
1771,951463.555688929,1,322761.4671796816,34.0
1772,459539.2887377561,1,286631.5690974615,62.0
1773,817041.7260156092,1,198604.97936916436,24.0
1774,395034.7715000884,1,13116.27007883411,3.0
1782,976607.4938843888,1,91044.12191071274,9.0
1784,281498.0618907187,1,203574.771429933,72.0
1785,737351.2376380087,1,494252.6739360806,67.0
1786,523644.79500020156,1,62800.355684908835,12.0
1789,561200.3949999072,1,88907.66991925606,16.0
1790,305379.3525000627,1,227108.42619814014,74.0
1791,307274.1387792141,1,178433.85786059397,58.0
1792,460549.3907878524,1,232181.74507218902,50.0
1797,310853.4490534092,1,248583.2632699044,80.0
1798,202831.56282491042,1,202831.56282491036,100.0
1799,257031.7445926804,1,227326.32788647836,88.0
1800,559875.7549154405,1,381366.2084084196,68.0
1801,774838.6730587505,1,558482.8440265565,72.0
1802,560510.3680893204,1,543760.9433485883,97.0
1803,580981.1588622173,1,7268.984665335033,1.0
1808,740363.7704240513,1,213243.26664858597,29.0
1811,406029.08011468314,1,143725.77864189458,35.0
1812,280901.49162124866,1,280901.4916212486,100.0
1813,418235.8978188088,1,158823.343586902,38.0
1814,568744.9745331511,1,240279.0549969754,42.0
1816,589341.146183816,1,7006.376424393792,1.0
1817,348110.05100882216,1,66332.60494907992,19.0
1818,191928.22100016134,1,17625.039972713475,9.0
1819,261913.61000004676,1,103.07221236417237,0.0
1855,286254.9672499733,1,29936.46702306073,10.0
1863,295795.15500021074,1,98179.55685606624,33.0
1864,321539.951449948,1,48130.123689915905,15.0
1865,485212.2104457836,1,15525.419795450529,3.0
1872,628954.5449999798,1,146581.4544755944,23.0
1873,332835.9913089405,1,332835.9913089405,100.0
1874,282003.7637049806,1,281911.7233531751,100.0
1875,310680.5155203913,1,310680.5155203914,100.0
1876,187771.84431472028,1,187771.84431472037,100.0
1877,523521.02677667746,1,179312.8679887908,34.0
1878,669249.0399999362,1,177124.9158702855,26.0
1887,407289.07737669663,1,72209.70565187298,18.0
1888,467284.3260136835,1,442414.955850137,95.0
1889,279567.08854308515,1,279204.07613935985,100.0
1890,676956.889999983,1,155142.38613280692,23.0
1897,531530.0748489889,1,41256.06226540093,8.0
1898,326162.2417550214,1,314572.7503656036,96.0
1899,491991.77386034356,1,305039.0143996903,62.0
1908,431687.0638483341,1,176275.96448510484,41.0
1909,604152.2236982234,1,40766.221105355966,7.0
1910,979983.8626503263,1,150625.80872983253,15.0
1918,403339.1800001544,1,275677.4350330846,68.0
1919,444044.58500017243,1,26765.75149723214,6.0
1929,800523.8758657952,1,329172.93777386815,41.0
1930,476300.26993418316,1,396804.8275092759,83.0
1931,643281.0431814952,1,46996.7094652583,7.0
1937,391917.4079965817,1,82170.0350010801,21.0
1938,1293950.4851355199,1,82254.11763567558,6.0
1944,467004.53590018884,1,135556.12228050645,29.0
1945,1390519.2749999799,1,320126.70926587644,23.0
1966,941751.3736502882,1,601185.895547983,64.0
1967,1264777.6961807753,1,517298.12298900395,41.0
1972,655001.4799997305,1,348719.6620698571,53.0
1973,430688.77627836884,1,375460.15194487444,87.0
1975,866594.1594026458,1,164899.1615457075,19.0
1988,704230.1900001335,1,57396.48271678827,8.0
1989,769678.8649996229,1,55005.365690584316,7.0
1995,561369.7196504206,1,43223.46146549193,8.0
1996,853886.3723295401,1,260142.44530533423,30.0
2009,511734.8583433137,1,215353.7886959794,42.0
2010,264925.0146168933,1,207135.11650769628,78.0
2011,583444.260000061,1,240579.75039344263,41.0
2021,304606.18693440605,1,290074.1333726019,95.0
2028,1392672.8449996721,1,86494.48591931266,6.0
2105,828816.643855875,1,115317.83978598575,14.0
2106,390689.0395518329,1,326108.64727777353,83.0
2107,323603.5646762314,1,323603.5646762312,100.0
2109,1086528.3240496912,1,383939.5216130221,35.0
2110,732697.6253463688,1,532331.0407114016,73.0
2112,277468.84000044427,1,111179.67356560985,40.0
2113,357198.524989523,1,344576.8306490182,96.0
2114,246005.8166025968,1,38850.43712219621,16.0
2117,2019037.865995824,1,644051.5180634712,32.0
2118,877937.9887972468,1,274782.13801743754,31.0
2122,500244.69196121907,1,174187.28141396458,35.0
2123,679617.5642091611,1,517589.65171303635,76.0
2124,1119058.198172303,1,582.023846922938,0.0
2125,175625.22389266602,1,3352.55617802918,2.0
2127,695991.6413079946,1,377607.0810211729,54.0
2128,643582.2299998137,1,3338.9905785750375,1.0
2200,60898515.24218101,1,34407.88644665983,0.0
362,492955.76308752096,1,57571.26411770487,12.0
367,471339.84893854056,1,247915.31000350442,53.0
368,202573.40882601828,1,165455.9495566462,82.0
369,108880.87302670478,1,108880.87302670478,100.0
370,106486.18630277886,1,42457.88050874408,40.0
371,109360.4399998973,1,106252.26431849583,97.0
372,107043.88499982387,1,12533.834126420583,12.0
373,109763.99499979443,1,49309.44708990814,45.0
375,109892.7750000948,1,37794.65505686691,34.0
377,324789.98500016524,1,280662.4210627518,86.0
378,324242.449999795,1,56879.19786164827,18.0
379,431760.8099998678,1,431760.8099998677,100.0
380,430089.28500023467,1,153636.97197022356,36.0
381,429627.7900002157,1,272046.9713021843,63.0
387,1400394.4900000244,1,433.4635223798523,0.0
388,1419399.5253003044,1,462358.8151205889,33.0
389,138189.49500005462,1,138189.49500005465,100.0
390,152096.10952502294,1,152096.10952502297,100.0
391,109675.87999991652,1,109675.8799999165,100.0
392,108444.24499997878,1,108444.24499997875,100.0
393,109983.04500003794,1,109983.04500003794,100.0
394,109859.3350001092,1,109859.3350001092,100.0
395,110131.17000021983,1,110131.17000021983,100.0
396,110839.85999997809,1,110839.85999997809,100.0
397,325978.95999992645,1,325978.95999992645,100.0
398,325780.46000002185,1,325780.46000002185,100.0
399,432654.7700001928,1,432654.7700001927,100.0
400,432668.22999978875,1,432668.2299997887,100.0
401,431961.1780306501,1,296407.5376035961,69.0
402,430743.0849999488,1,293741.9510257825,68.0
409,333164.0499999102,1,105608.8656016225,32.0
411,215867.66500020778,1,81200.84710234968,38.0
413,110005.40999973271,1,40428.50768650428,37.0
414,109795.25500000015,1,39044.10902973507,36.0
416,323150.12499989,1,110669.4093069485,34.0
417,324183.86999999447,1,263345.3762420108,81.0
418,429603.99642746535,1,339459.62640257383,79.0
419,428887.881285132,1,391821.1876906631,91.0
420,271373.4123223463,1,203216.89502532996,75.0
421,950084.7862957424,1,90517.80711524351,10.0
432,670666.4869999252,1,581256.4743710118,87.0
433,857293.5836620474,1,769233.8192822251,90.0
436,548621.5041376633,1,376312.9566915857,69.0
437,1280998.168716658,1,1036629.3571627531,81.0
438,792170.5540018858,1,87324.01478161616,11.0
439,369002.4370074608,1,319184.93621239683,86.0
440,512962.7449998766,1,512962.74499987654,100.0
441,881515.3475252622,1,392532.93500396505,45.0
442,392782.7300001423,1,392782.73000014224,100.0
443,1153865.1599997892,1,649719.7586165941,56.0
446,936297.1900004785,1,324204.13554164255,35.0
497,814086.926505141,1,353686.27077359613,43.0
498,764263.8898590502,1,71632.67472632177,9.0
500,984657.0254569422,1,356561.2578353822,36.0
501,562217.6984680642,1,87842.08179655776,16.0
502,992414.2132943948,1,430057.4425488024,43.0
511,598666.1297116383,1,28456.123520855013,5.0
512,400004.66841492354,1,305842.37502957653,76.0
518,327865.3800000395,1,14533.590483017293,4.0
519,320182.88500001974,1,204363.20983563416,64.0
534,678673.8481269308,1,137236.994019187,20.0
537,1315510.7050002536,1,609347.4347923992,46.0
561,562053.285000552,1,63710.941015944976,11.0
563,671392.675000054,1,44721.94424525629,7.0
564,670476.4299995571,1,28772.839357877496,4.0
566,652872.2550002863,1,116276.6303352085,18.0
568,1506398.7999999227,1,90922.15637963319,6.0
569,648653.1249997842,1,475347.42027265555,73.0
570,817417.5300002332,1,292945.43929949956,36.0
572,1526865.4599998994,1,2793.565774214641,0.0
2724,1028898.6222026794,1,121847.72678050403,12.0
2725,673081.7505926298,1,258044.0682510304,38.0
2627,355751.3532971037,1,3726.1018796612116,1.0
2606,134440.14224994395,1,133000.37780104866,99.0
2856,604045.2019575449,1,44834.8520043252,7.0
2790,417051.823910502,1,79697.06640702451,19.0
2791,328599.46390987403,1,276291.9419826572,84.0
2792,646653.7017842982,1,453473.8507913551,70.0
2593,918662.3355243931,1,141696.64406371833,15.0
2594,513405.95910666604,1,28906.989545651384,6.0
2603,480403.3715991414,1,171707.09794619924,36.0
2602,88894.16682444929,1,76728.33171526989,86.0
2605,125767.26567080473,1,125767.26567080477,100.0
2597,1256164.5528991243,1,449669.4812549608,36.0
2702,619305.4894811587,1,225033.94565860857,36.0
2729,327089.34669344354,1,110347.87639695295,34.0
2728,388625.7775341057,1,388625.7775341057,100.0
2726,1206137.8581865237,1,32952.10170481985,3.0
2700,257278.9828753064,1,86462.91448929107,34.0
2807,598053.7631524028,1,35841.72170562802,6.0
2809,435268.3661082456,1,184731.71986684474,42.0
2855,575535.3732734378,1,145795.22537824468,25.0
2882,569244.5672627592,1,569133.54396467,100.0
2877,592977.2012644903,1,36001.2941110619,6.0
2878,515127.3928168056,1,161891.5722717199,31.0
2853,391987.4189001407,1,212589.38510133393,54.0
2854,173915.52679977298,1,24432.108910754272,14.0
2850,151614.94344589283,1,151614.9434458928,100.0
2852,648782.5087156707,1,333620.1140160968,51.0
2851,159165.9582995669,1,158611.96402661945,100.0
2866,311868.3927761753,1,76224.81403238131,24.0
2865,296338.09604893887,1,296338.0960489389,100.0
2868,1218622.025200359,1,157847.19261513668,13.0
2890,575573.0419942,1,472641.2756519223,82.0
2891,119252.24006417522,1,119252.24006417525,100.0
2892,108405.35180039506,1,108405.35180039504,100.0
2893,212712.94260370216,1,211377.29067778352,99.0
2885,636858.9913635935,1,344983.46667355706,54.0
2889,402902.2277731376,1,269526.53195429203,67.0
2884,718392.5256766056,1,6018.021440285451,1.0
2886,638753.6652376209,1,1886.5266271180694,0.0
2894,350400.48545008496,1,334489.12506386597,95.0
2899,1350446.2626253862,1,72477.17446769756,5.0
2936,372470.9425315958,1,214792.50752754995,58.0
2935,369267.10642666183,1,364475.2448494329,99.0
2932,392375.16580011504,1,208095.53854338368,53.0
2933,270570.676918899,1,244536.42146377737,90.0
2928,223343.0367498725,1,7308.020446631549,3.0
2887,384098.6670621784,1,448.96020369841415,0.0
2934,217049.18874923917,1,166123.21111270948,77.0
2930,355154.07023838477,1,13542.565461755372,4.0
2940,314614.82399986096,1,233601.63242621114,74.0
2941,669031.3746002472,1,530419.8425602667,79.0
2931,187585.5475002049,1,26618.53455016076,14.0
2938,121038.72810017518,1,99736.66063360967,82.0
2937,146685.55069981705,1,72830.01164441268,50.0
2944,504172.8414534002,1,265275.68879674986,53.0
2939,1367927.303102763,1,1303716.1204827474,95.0
2990,132529.60603040276,1,132529.6060304028,100.0
2992,218044.06005145935,1,218044.0600514594,100.0
2993,146999.07659994578,1,146999.07659994578,100.0
2942,871981.7661999671,1,274234.6570597014,31.0
2994,303957.1562500227,1,105192.71159002223,35.0
2988,191814.7151496951,1,133108.11928808823,69.0
2989,125961.98559996487,1,44076.33575628353,35.0
2986,131801.20169988365,1,131801.20169988365,100.0
2980,90316.2330499973,1,90316.23304999729,100.0
2981,88176.51219978153,1,88176.51219978154,100.0
2971,196518.1378502079,1,144586.74005451176,74.0
2976,129818.07470008956,1,129818.07470008954,100.0
2972,132063.0529998509,1,132063.05299985086,100.0
2968,90643.86714259768,1,90643.86714259766,100.0
3008,134545.82984137873,1,134545.82984137873,100.0
3003,258700.13385107575,1,13067.061357724653,5.0
3001,135664.01806036424,1,135664.01806036424,100.0
3005,131821.53804688517,1,131821.53804688517,100.0
3004,195619.70369910466,1,184758.6445421369,94.0
2996,225785.2994658706,1,155322.5268131598,69.0
2999,301501.1141582569,1,23706.15347041087,8.0
2957,1024617.7641796365,1,25846.484913854172,3.0
2958,474093.72032391827,1,222502.03377444483,47.0
2998,255379.59457774978,1,255379.59457774973,100.0
3014,134088.56134999183,1,134088.56134999185,100.0
3015,131373.84035004512,1,130352.7875762252,99.0
3016,195838.38469990043,1,9966.486084412323,5.0
3013,243832.98034641324,1,14937.166488240338,6.0
3021,243972.15380525863,1,202905.33380872587,83.0
3022,825853.2321483403,1,372391.74679457775,45.0
3019,399289.54452694807,1,399289.544526948,100.0
3523,428516438.5364903,1,171220.78220609046,0.0
2888,387962.3816000491,1,122236.9380781627,32.0
2607,260545.45191777663,1,168577.43780332155,65.0
2810,418496.510999621,1,3466.2123074248266,1.0
2982,130927.2017502115,1,9565.982696875333,7.0
2978,317788.9593566194,1,47487.70901088713,15.0
2979,203637.20934981309,1,96379.19986665931,47.0
2975,195201.0217000357,1,142516.913176649,73.0
2967,134581.86434982787,1,98056.21383901403,73.0
3007,200102.77081592035,1,139902.0511357832,70.0
3000,194877.61140870253,1,192768.45184318515,99.0
2997,255724.31928386568,1,255724.31928386568,100.0
3011,131335.19688217284,1,131335.19688217284,100.0
3009,265713.04432285693,1,188023.14016945116,71.0
2793,497115.8670325872,1,10093.60496874751,2.0
2808,436780.0042726614,1,256183.60965094224,59.0
3017,1179522.2819744665,1,417079.91138362495,35.0
2879,330736.8909667208,1,69134.40211313298,21.0
3020,197786.468373664,1,197786.468373664,100.0
2727,356483.18280730775,1,76465.31686534252,21.0
2987,128644.49690020694,1,128644.49690020694,100.0
2991,126575.18241213058,1,126575.18241213057,100.0
3012,129063.37890022543,1,128533.24618632809,100.0
2881,279390.0670402097,1,40451.647112670806,14.0
2867,281000.29920901975,1,111268.33257048066,40.0
2849,344714.5269354082,1,161096.84705190954,47.0
2848,1076844.1297564553,1,998383.2524182127,93.0
