N,MODE,OPERATOR,NAME,LONGNAME,STOP,STOP4,STOP5,STOP6,STOP7,STOP8,STOP9,X,Y,TAZID,geometry
10046,9,0,O603,O603,1,0,0,0,0,0,1,417871.0,4564006.0,368,POINT (417871 4564006)
28812,9,0,O603,O603,0,0,0,0,0,0,0,417958.7039,4564037.554,369,POINT (417958.7039 4564037.554)
28808,9,0,O603,O603,0,0,0,0,0,0,0,417957.5414,4563967.26633,369,POINT (417957.5414 4563967.26633)
28806,9,0,O603,O603,0,0,0,0,0,0,0,417957.1341,4563942.192,390,POINT (417957.1341 4563942.192)
28796,9,0,O603,O603,0,0,0,0,0,0,0,417953.0619,4563825.935,390,POINT (417953.0619 4563825.935)
28790,9,0,O603,O603,1,0,0,0,0,0,1,417950.0,4563732.0,390,POINT (417950 4563732)
28772,9,0,O603,O603,1,0,0,0,0,0,1,417941.0,4563489.0,389,POINT (417941 4563489)
28777,9,0,O603,O603,0,0,0,0,0,0,0,418057.0,4563491.0,389,POINT (418057 4563491)
28788,9,0,O603,O603,0,0,0,0,0,0,0,418173.0,4563488.0,389,POINT (418173 4563488)
28795,9,0,O603,O603,1,0,0,0,0,0,1,418295.0,4563482.0,391,POINT (418295 4563482)
28805,9,0,O603,O603,0,0,0,0,0,0,0,418407.0,4563481.0,391,POINT (418407 4563481)
28813,9,0,O603,O603,0,0,0,0,0,0,0,418525.0,4563479.0,394,POINT (418525 4563479)
28823,9,0,O603,O603,1,0,0,0,0,0,1,418642.0,4563473.0,393,POINT (418642 4563473)
28835,9,0,O603,O603,0,0,0,0,0,0,0,418754.0,4563473.0,396,POINT (418754 4563473)
28845,9,0,O603,O603,0,0,0,0,0,0,0,418882.0,4563469.0,396,POINT (418882 4563469)
28871,9,0,O603,O603,0,0,0,0,0,0,0,419203.0,4563462.0,398,POINT (419203 4563462)
28899,9,0,O603,O603,1,0,0,0,0,0,1,419584.9198,4563448.305,400,POINT (419584.9198 4563448.305)
28920,9,0,O603,O603,0,0,0,0,0,0,0,419584.0,4563679.0,398,POINT (419584 4563679)
28935,9,0,O603,O603,1,0,0,0,0,0,1,419587.0,4563915.0,377,POINT (419587 4563915)
28966,9,0,O603,O603,1,0,0,0,0,0,1,420066.0,4563901.0,379,POINT (420066 4563901)
28988,9,0,O603,O603,1,0,0,0,0,0,1,420526.0,4563892.0,381,POINT (420526 4563892)
28976,9,0,O603,O603,0,0,0,0,0,0,0,420520.0,4563660.0,402,POINT (420520 4563660)
28963,9,0,O603,O603,1,0,0,0,0,0,1,420512.0,4563424.0,402,POINT (420512 4563424)
28951,9,0,O603,O603,1,0,0,0,0,0,1,420506.0,4563181.0,401,POINT (420506 4563181)
28932,9,0,O603,O603,0,0,0,0,0,0,0,420500.0,4562957.0,401,POINT (420500 4562957)
28927,9,0,O603,O603,0,0,0,0,0,0,0,420497.0,4562849.0,420,POINT (420497 4562849)
28918,9,0,O603,O603,1,0,0,0,0,0,1,420495.0,4562728.0,420,POINT (420495 4562728)
28894,9,0,O603,O603,1,0,0,0,0,0,1,420489.0,4562490.0,419,POINT (420489 4562490)
28877,9,0,O603,O603,1,0,0,0,0,0,1,420482.0,4562261.0,419,POINT (420482 4562261)
28841,9,0,O603,O603,1,0,0,0,0,0,1,420470.0,4561804.0,433,POINT (420470 4561804)
28779,9,0,O603,O603,0,0,0,0,0,0,0,420450.0,4561117.0,437,POINT (420450 4561117)
28797,9,0,O603,O603,0,0,0,0,0,0,0,420679.0,4561109.0,437,POINT (420679 4561109)
28820,9,0,O603,O603,1,0,0,0,0,0,1,421010.0,4561098.0,437,POINT (421010 4561098)
28727,9,0,O603,O603,1,0,0,0,0,0,1,420438.0,4560596.0,437,POINT (420438 4560596)
28678,9,0,O603,O603,1,0,0,0,0,0,1,420412.0,4559877.0,441,POINT (420412 4559877)
28651,9,0,O603,O603,1,0,0,0,0,0,1,420398.0,4559493.0,440,POINT (420398 4559493)
28631,9,0,O603,O603,1,0,0,0,0,0,1,420385.0,4559134.0,442,POINT (420385 4559134)
28619,9,0,O603,O603,0,0,0,0,0,0,0,420382.0,4558985.0,442,POINT (420382 4558985)
28595,9,0,O603,O603-,1,0,0,0,0,0,1,420378.9988,4558737.925,443,POINT (420378.9988 4558737.925)
66744,9,0,UVX,UVX,1,0,0,0,0,0,1,444231.5478,4451126.713,3019,POINT (444231.5478 4451126.713)
66743,9,0,UVX,UVX,0,0,0,0,0,0,0,444520.3392,4451123.468,3022,POINT (444520.3392 4451123.468)
66750,9,0,UVX,UVX,0,0,0,0,0,0,0,444517.0943,4451331.138,3022,POINT (444517.0943 4451331.138)
66768,9,0,UVX,UVX,0,0,0,0,0,0,0,444427.4063,4451757.781,3022,POINT (444427.4063 4451757.781)
66770,9,0,UVX,UVX,1,0,0,0,0,0,1,444180.6563,4451788.624,3020,POINT (444180.6563 4451788.624)
71485,9,0,UVX,UVX,0,0,0,0,0,0,0,444053.2506,4451787.519,3020,POINT (444053.2506 4451787.519)
66769,9,0,UVX,UVX,0,0,0,0,0,0,0,443927.125,4451784.921,3019,POINT (443927.125 4451784.921)
66771,9,0,UVX,UVX,0,0,0,0,0,0,0,443736.1098,4451794.844,2998,POINT (443736.1098 4451794.844)
66775,9,0,UVX,UVX,0,0,0,0,0,0,0,443762.7333,4451883.589,2998,POINT (443762.7333 4451883.589)
66788,9,0,UVX,UVX,1,0,0,0,0,0,1,443768.6496,4452096.577,2998,POINT (443768.6496 4452096.577)
66793,9,0,UVX,UVX,0,0,0,0,0,0,0,443801.1894,4452140.949,2998,POINT (443801.1894 4452140.949)
66810,9,0,UVX,UVX,0,0,0,0,0,0,0,443804.1476,4452297.732,2998,POINT (443804.1476 4452297.732)
66812,9,0,UVX,UVX,0,0,0,0,0,0,0,443682.8629,4452312.523,2998,POINT (443682.8629 4452312.523)
66818,9,0,UVX,UVX,0,0,0,0,0,0,0,443679.9047,4452469.305,2996,POINT (443679.9047 4452469.305)
66828,9,0,UVX,UVX,0,0,0,0,0,0,0,443651.0938,4452581.929,3001,POINT (443651.0938 4452581.929)
66826,9,0,UVX,UVX,0,0,0,0,0,0,0,443788.2442,4452579.854,3001,POINT (443788.2442 4452579.854)
66841,9,0,UVX,UVX,0,0,0,0,0,0,0,443771.4238,4452820.693,3001,POINT (443771.4238 4452820.693)
50024,9,0,UVX,UVX,1,0,0,0,0,0,1,443771.3641,4452975.47,3001,POINT (443771.3641 4452975.47)
66825,9,0,UVX,UVX,0,0,0,0,0,0,0,443944.125,4452575.934,3020,POINT (443944.125 4452575.934)
66837,9,0,UVX,UVX,0,0,0,0,0,0,0,443955.9051,4452753.487,3001,POINT (443955.9051 4452753.487)
66874,9,0,UVX,UVX,0,0,0,0,0,0,0,443960.125,4453164.944,3011,POINT (443960.125 4453164.944)
66882,9,0,UVX,UVX,1,0,0,0,0,0,1,443962.5606,4453315.83,3011,POINT (443962.5606 4453315.83)
66893,9,0,UVX,UVX,0,0,0,0,0,0,0,443964.125,4453459.949,3014,POINT (443964.125 4453459.949)
71504,9,0,UVX,UVX,0,0,0,0,0,0,0,443964.7913,4453606.525,3014,POINT (443964.7913 4453606.525)
66922,9,0,UVX,UVX,0,0,0,0,0,0,0,443967.125,4453751.953,3014,POINT (443967.125 4453751.953)
66941,9,0,UVX,UVX,1,0,0,0,0,0,1,443966.125,4453905.956,2968,POINT (443966.125 4453905.956)
66966,9,0,UVX,UVX,0,0,0,0,0,0,0,443968.6875,4454058.99,2968,POINT (443968.6875 4454058.99)
66985,9,0,UVX,UVX,0,0,0,0,0,0,0,443971.1563,4454206.961,2986,POINT (443971.1563 4454206.961)
67000,9,0,UVX,UVX,1,0,0,0,0,0,1,443973.3014,4454351.977,2986,POINT (443973.3014 4454351.977)
67003,9,0,UVX,UVX,0,0,0,0,0,0,0,443974.1724,4454428.556,2986,POINT (443974.1724 4454428.556)
67023,9,0,UVX,UVX,0,0,0,0,0,0,0,443976.1563,4454645.968,2990,POINT (443976.1563 4454645.968)
67041,9,0,UVX,UVX,1,0,0,0,0,0,1,443978.088,4454790.35,2990,POINT (443978.088 4454790.35)
67061,9,0,UVX,UVX,0,0,0,0,0,0,0,443980.1563,4454938.973,2990,POINT (443980.1563 4454938.973)
71553,9,0,UVX,UVX,0,0,0,0,0,0,0,444133.8164,4454936.619,2990,POINT (444133.8164 4454936.619)
71555,9,0,UVX,UVX,0,0,0,0,0,0,0,444233.8062,4454936.619,2990,POINT (444233.8062 4454936.619)
67060,9,0,UVX,UVX,0,0,0,0,0,0,0,444314.4375,4454937.478,2991,POINT (444314.4375 4454937.478)
67059,9,0,UVX,UVX,1,0,0,0,0,0,1,444572.6221,4454934.259,2992,POINT (444572.6221 4454934.259)
67058,9,0,UVX,UVX,0,0,0,0,0,0,0,444741.1378,4454931.058,2992,POINT (444741.1378 4454931.058)
67057,9,0,UVX,UVX,0,0,0,0,0,0,0,445006.8423,4454926.488,2992,POINT (445006.8423 4454926.488)
67066,9,0,UVX,UVX,0,0,0,0,0,0,0,445009.2188,4455072.994,2993,POINT (445009.2188 4455072.994)
67092,9,0,UVX,UVX,1,0,0,0,0,0,1,445012.2188,4455244.997,2993,POINT (445012.2188 4455244.997)
67090,9,0,UVX,UVX,0,0,0,0,0,0,0,445078.0584,4455243.634,2993,POINT (445078.0584 4455243.634)
67091,9,0,UVX,UVX,0,0,0,0,0,0,0,445304.2188,4455244.003,2942,POINT (445304.2188 4455244.003)
67110,9,0,UVX,UVX,0,0,0,0,0,0,0,445304.9827,4455536.828,2942,POINT (445304.9827 4455536.828)
67121,9,0,UVX,UVX,0,0,0,0,0,0,0,445302.2188,4455677.01,2942,POINT (445302.2188 4455677.01)
67147,9,0,UVX,UVX,0,0,0,0,0,0,0,445299.3125,4456039.562,2942,POINT (445299.3125 4456039.562)
67191,9,0,UVX,UVX,0,0,0,0,0,0,0,445299.2188,4456446.014,2944,POINT (445299.2188 4456446.014)
67190,9,0,UVX,UVX,1,0,0,0,0,0,1,445040.2214,4456444.438,2941,POINT (445040.2214 4456444.438)
67187,9,0,UVX,UVX,0,0,0,0,0,0,0,444947.4412,4456437.502,2939,POINT (444947.4412 4456437.502)
67171,9,0,UVX,UVX,0,0,0,0,0,0,0,444768.4276,4456342.876,2939,POINT (444768.4276 4456342.876)
67169,9,0,UVX,UVX,0,0,0,0,0,0,0,444681.1875,4456333.002,2940,POINT (444681.1875 4456333.002)
67172,9,0,UVX,UVX,1,0,0,0,0,0,1,444531.2631,4456345.645,2939,POINT (444531.2631 4456345.645)
67174,9,0,UVX,UVX,0,0,0,0,0,0,0,444206.1875,4456351.993,2940,POINT (444206.1875 4456351.993)
67173,9,0,UVX,UVX,0,0,0,0,0,0,0,444103.1875,4456351.991,2938,POINT (444103.1875 4456351.991)
67175,9,0,UVX,UVX,0,0,0,0,0,0,0,443993.1563,4456355.989,2938,POINT (443993.1563 4456355.989)
67180,9,0,UVX,UVX,0,0,0,0,0,0,0,443888.125,4456388.712,2931,POINT (443888.125 4456388.712)
67211,9,0,UVX,UVX,0,0,0,0,0,0,0,443725.1563,4456585.985,2936,POINT (443725.1563 4456585.985)
67255,9,0,UVX,UVX,1,0,0,0,0,0,1,443248.875,4457157.181,2933,POINT (443248.875 4457157.181)
67284,9,0,UVX,UVX,0,0,0,0,0,0,0,443049.125,4457355.976,2935,POINT (443049.125 4457355.976)
67292,9,0,UVX,UVX,0,0,0,0,0,0,0,442905.1563,4457498.464,2932,POINT (442905.1563 4457498.464)
67299,9,0,UVX,UVX,0,0,0,0,0,0,0,442825.0,4457649.056,2932,POINT (442825 4457649.056)
67328,9,0,UVX,UVX,0,0,0,0,0,0,0,442852.8438,4458029.062,2868,POINT (442852.8438 4458029.062)
67357,9,0,UVX,UVX,0,0,0,0,0,0,0,442761.6875,4458202.269,2868,POINT (442761.6875 4458202.269)
67366,9,0,UVX,UVX,0,0,0,0,0,0,0,442526.0938,4458273.97,2868,POINT (442526.0938 4458273.97)
67371,9,0,UVX,UVX,1,0,0,0,0,0,1,442160.3193,4458319.613,2894,POINT (442160.3193 4458319.613)
67373,9,0,UVX,UVX,0,0,0,0,0,0,0,442112.6204,4458325.21,2894,POINT (442112.6204 4458325.21)
67374,9,0,UVX,UVX,0,0,0,0,0,0,0,441801.7502,4458329.268,2865,POINT (441801.7502 4458329.268)
67375,9,0,UVX,UVX,0,0,0,0,0,0,0,441471.075,4458338.041,2893,POINT (441471.075 4458338.041)
67377,9,0,UVX,UVX,0,0,0,0,0,0,0,441305.0313,4458342.947,2851,POINT (441305.0313 4458342.947)
67380,9,0,UVX,UVX,1,0,0,0,0,0,1,440904.0313,4458351.939,2851,POINT (440904.0313 4458351.939)
67382,9,0,UVX,UVX,0,0,0,0,0,0,0,440484.5338,4458358.718,2850,POINT (440484.5338 4458358.718)
67383,9,0,UVX,UVX,1,0,0,0,0,0,1,440091.0,4458361.924,2891,POINT (440091 4458361.924)
67391,9,0,UVX,UVX,0,0,0,0,0,0,0,440098.1875,4458461.508,2850,POINT (440098.1875 4458461.508)
67408,9,0,UVX,UVX,0,0,0,0,0,0,0,440085.8125,4458551.653,2848,POINT (440085.8125 4458551.653)
67409,9,0,UVX,UVX,0,0,0,0,0,0,0,439976.3224,4458552.244,2848,POINT (439976.3224 4458552.244)
67413,9,0,UVX,UVX,0,0,0,0,0,0,0,439506.9725,4458567.18,2848,POINT (439506.9725 4458567.18)
67421,9,0,UVX,UVX,1,0,0,0,0,0,1,439380.5328,4458629.972,2848,POINT (439380.5328 4458629.972)
67396,9,0,UVX,UVX,0,0,0,0,0,0,0,439349.9375,4458522.91,2848,POINT (439349.9375 4458522.91)
67411,9,0,UVX,UVX,0,0,0,0,0,0,0,439189.8093,4458560.683,2848,POINT (439189.8093 4458560.683)
60530,9,0,UVX,UVX,0,0,0,0,0,0,0,439019.4517,4458574.795,2848,POINT (439019.4517 4458574.795)
60529,9,0,UVX,UVX,0,0,0,0,0,0,0,438875.9466,4458573.432,2882,POINT (438875.9466 4458573.432)
60528,9,0,UVX,UVX,0,0,0,0,0,0,0,438756.5104,4458564.804,2882,POINT (438756.5104 4458564.804)
67407,9,0,UVX,UVX,0,0,0,0,0,0,0,438353.4428,4458550.053,2878,POINT (438353.4428 4458550.053)
67405,9,0,UVX,UVX,0,0,0,0,0,0,0,438165.9063,4458546.888,2878,POINT (438165.9063 4458546.888)
63443,9,0,UVX,UVX,0,0,0,0,0,0,0,437981.7813,4458804.845,2879,POINT (437981.7813 4458804.845)
67461,9,0,UVX,UVX,0,0,0,0,0,0,0,437906.2942,4458984.802,2879,POINT (437906.2942 4458984.802)
50029,9,0,UVX,UVX-,1,0,0,0,0,0,1,438356.2813,4459074.432,2882,POINT (438356.2813 4459074.432)
20869,6,0,S451X,S451X,1,0,0,1,0,0,0,396180.5806,4508543.74,906,POINT (396180.5806 4508543.74)
20922,6,0,S451X,S451X,0,0,0,0,0,0,0,396427.9987,4508713.171,908,POINT (396427.9987 4508713.171)
21195,6,0,S451X,S451X,0,0,0,0,0,0,0,398053.2757,4509537.123,908,POINT (398053.2757 4509537.123)
21464,6,0,S451X,S451X,0,0,0,0,0,0,0,399344.91,4510398.213,908,POINT (399344.91 4510398.213)
21534,6,0,S451X,S451X,0,0,0,0,0,0,0,399723.9765,4510716.442,908,POINT (399723.9765 4510716.442)
21726,6,0,S451X,S451X,0,0,0,0,0,0,0,400503.169,4511544.772,907,POINT (400503.169 4511544.772)
22006,6,0,S451X,S451X,0,0,0,0,0,0,0,401648.0,4512693.0,907,POINT (401648 4512693)
22284,6,0,S451X,S451X,0,0,0,0,0,0,0,402681.0,4513792.0,907,POINT (402681 4513792)
22356,6,0,S451X,S451X,0,0,0,0,0,0,0,402974.0,4513945.0,954,POINT (402974 4513945)
22537,6,0,S451X,S451X,0,0,0,0,0,0,0,404285.0,4513920.0,907,POINT (404285 4513920)
22921,6,0,S451X,S451X,0,0,0,0,0,0,0,407079.0,4513928.0,955,POINT (407079 4513928)
23362,6,0,S451X,S451X,0,0,0,0,0,0,0,409898.0,4513867.0,1008,POINT (409898 4513867)
23497,6,0,S451X,S451X,0,0,0,0,0,0,0,410669.0,4513864.0,976,POINT (410669 4513864)
23675,6,0,S451X,S451X,0,0,0,0,0,0,0,411652.0,4513852.0,1009,POINT (411652 4513852)
23716,6,0,S451X,S451X,0,0,0,0,0,0,0,411904.0,4513845.0,1009,POINT (411904 4513845)
23829,6,0,S451X,S451X,0,0,0,0,0,0,0,412498.0,4513843.0,1010,POINT (412498 4513843)
23924,6,0,S451X,S451X,0,0,0,0,0,0,0,413136.0,4513833.0,977,POINT (413136 4513833)
24045,6,0,S451X,S451X,0,0,0,0,0,0,0,413837.0,4513826.0,978,POINT (413837 4513826)
24122,6,0,S451X,S451X,0,0,0,0,0,0,0,414374.0,4513826.0,978,POINT (414374 4513826)
24202,6,0,S451X,S451X,0,0,0,0,0,0,0,414959.0,4513735.0,978,POINT (414959 4513735)
24245,6,0,S451X,S451X,0,0,0,0,0,0,0,415471.0,4513536.0,1012,POINT (415471 4513536)
24264,6,0,S451X,S451X,0,0,0,0,0,0,0,415879.0,4513315.0,1012,POINT (415879 4513315)
24288,6,0,S451X,S451X,0,0,0,0,0,0,0,416237.0,4513149.0,1012,POINT (416237 4513149)
24319,6,0,S451X,S451X,0,0,0,0,0,0,0,416592.0,4513078.0,1012,POINT (416592 4513078)
24404,6,0,S451X,S451X,0,0,0,0,0,0,0,417236.0,4513044.0,1056,POINT (417236 4513044)
24495,6,0,S451X,S451X,0,0,0,0,0,0,0,417983.0,4513051.0,1056,POINT (417983 4513051)
24512,6,0,S451X,S451X,0,0,0,0,0,0,0,418139.0,4513057.0,1056,POINT (418139 4513057)
24623,6,0,S451X,S451X,0,0,0,0,0,0,0,418958.0,4513095.0,1057,POINT (418958 4513095)
24662,6,0,S451X,S451X,0,0,0,0,0,0,0,419225.0,4513106.0,1057,POINT (419225 4513106)
24781,6,0,S451X,S451X,0,0,0,0,0,0,0,419950.0,4513167.0,1058,POINT (419950 4513167)
24825,6,0,S451X,S451X,0,0,0,0,0,0,0,420259.0,4513182.0,1058,POINT (420259 4513182)
24881,6,0,S451X,S451X,0,0,0,0,0,0,0,420727.0,4513214.0,1058,POINT (420727 4513214)
24917,6,0,S451X,S451X,0,0,0,0,0,0,0,421145.0,4513150.0,1060,POINT (421145 4513150)
25067,6,0,S451X,S451X,0,0,0,0,0,0,0,422230.0,4513016.0,1064,POINT (422230 4513016)
25117,6,0,S451X,S451X,0,0,0,0,0,0,0,422527.0,4513013.0,1064,POINT (422527 4513013)
25127,6,0,S451X,S451X,0,0,0,0,0,0,0,422660.0,4512954.0,1064,POINT (422660 4512954)
25112,6,0,S451X,S451X,0,0,0,0,0,0,0,422741.0,4512795.0,1064,POINT (422741 4512795)
25081,6,0,S451X,S451X,0,0,0,0,0,0,0,422746.0,4512620.0,1064,POINT (422746 4512620)
25039,6,0,S451X,S451X,0,0,0,0,0,0,0,422766.0,4512325.0,1113,POINT (422766 4512325)
25033,6,0,S451X,S451X,0,0,0,0,0,0,0,422914.0,4512157.0,1113,POINT (422914 4512157)
25064,6,0,S451X,S451X,0,0,0,0,0,0,0,423132.0,4512104.0,1115,POINT (423132 4512104)
25106,6,0,S451X,S451X,0,0,0,0,0,0,0,423406.0,4512100.0,1115,POINT (423406 4512100)
25164,6,0,S451X,S451X,0,0,0,0,0,0,0,423702.0,4512093.0,1117,POINT (423702 4512093)
25179,6,0,S451X,S451X,0,0,0,0,0,0,0,423816.0,4512092.0,1117,POINT (423816 4512092)
25204,6,0,S451X,S451X,0,0,0,0,0,0,0,423941.0,4512095.0,1121,POINT (423941 4512095)
25219,6,0,S451X,S451X,1,0,0,1,0,0,0,424059.0,4512091.0,1125,POINT (424059 4512091)
25242,6,0,S451X,S451X,0,0,0,0,0,0,0,424170.0,4512091.0,1125,POINT (424170 4512091)
25258,6,0,S451X,S451X,0,0,0,0,0,0,0,424294.0,4512091.0,1125,POINT (424294 4512091)
25277,6,0,S451X,S451X,0,0,0,0,0,0,0,424403.0,4512090.0,1129,POINT (424403 4512090)
25297,6,0,S451X,S451X,1,0,0,1,0,0,0,424541.0,4512091.0,1134,POINT (424541 4512091)
25330,6,0,S451X,S451X,0,0,0,0,0,0,0,424674.0,4512089.0,1134,POINT (424674 4512089)
25339,6,0,S451X,S451X,1,0,0,1,0,0,0,424778.0,4512091.0,1134,POINT (424778 4512091)
25370,6,0,S451X,S451X,0,0,0,0,0,0,0,424905.0,4512090.0,1138,POINT (424905 4512090)
25391,6,0,S451X,S451X,1,0,0,1,0,0,0,425026.0,4512089.0,1142,POINT (425026 4512089)
25420,6,0,S451X,S451X,0,0,0,0,0,0,0,425026.0,4512212.0,1142,POINT (425026 4512212)
25439,6,0,S451X,S451X,1,0,0,1,0,0,0,425028.0,4512325.0,1142,POINT (425028 4512325)
25461,6,0,S451X,S451X,0,0,0,0,0,0,0,425030.0,4512437.0,1143,POINT (425030 4512437)
25490,6,0,S451X,S451X,1,0,0,1,0,0,0,425031.0,4512570.0,1082,POINT (425031 4512570)
25510,6,0,S451X,S451X,0,0,0,0,0,0,0,425031.0,4512685.0,1082,POINT (425031 4512685)
25540,6,0,S451X,S451X,1,0,0,1,0,0,0,425034.0,4512807.0,1082,POINT (425034 4512807)
25568,6,0,S451X,S451X,0,0,0,0,0,0,0,425036.0,4512931.0,1083,POINT (425036 4512931)
25586,6,0,S451X,S451X,1,0,0,1,0,0,0,425036.0,4513044.0,1083,POINT (425036 4513044)
25618,6,0,S451X,S451X,0,0,0,0,0,0,0,425040.0,4513176.0,1084,POINT (425040 4513176)
25635,6,0,S451X,S451X,1,0,0,1,0,0,0,425039.0,4513292.0,1037,POINT (425039 4513292)
25658,6,0,S451X,S451X,0,0,0,0,0,0,0,425040.0,4513408.0,1037,POINT (425040 4513408)
25677,6,0,S451X,S451X,1,0,0,1,0,0,0,425041.0,4513532.0,1037,POINT (425041 4513532)
25704,6,0,S451X,S451X,0,0,0,0,0,0,0,425042.0,4513653.0,1038,POINT (425042 4513653)
25720,6,0,S451X,S451X,1,0,0,1,0,0,0,425043.0,4513776.0,998,POINT (425043 4513776)
25698,6,0,S451X,S451X,0,0,0,0,0,0,0,424904.0,4513774.0,1035,POINT (424904 4513774)
25678,6,0,S451X,S451X,1,0,0,1,0,0,0,424797.0,4513777.0,1035,POINT (424797 4513777)
25657,6,0,S451X,S451X,0,0,0,0,0,0,0,424673.0,4513775.0,1035,POINT (424673 4513775)
25636,6,0,S451X,S451X,0,0,0,0,0,0,0,424557.0,4513779.0,1035,POINT (424557 4513779)
25616,6,0,S451X,S451X,0,0,0,0,0,0,0,424425.0,4513785.0,995,POINT (424425 4513785)
25592,6,0,S451X,S451X,1,0,0,1,0,0,0,424316.0,4513783.0,1033,POINT (424316 4513783)
25570,6,0,S451X,S451X,0,0,0,0,0,0,0,424187.0,4513783.0,1031,POINT (424187 4513783)
25545,6,0,S451X,S451X,1,0,0,1,0,0,0,424076.0,4513786.0,1031,POINT (424076 4513786)
25522,6,0,S451X,S451X,0,0,0,0,0,0,0,424069.0,4513664.0,1029,POINT (424069 4513664)
25493,6,0,S451X,S451X,1,0,0,1,0,0,0,424071.0,4513542.0,1028,POINT (424071 4513542)
25473,6,0,S451X,S451X,0,0,0,0,0,0,0,424069.0,4513423.0,1028,POINT (424069 4513423)
28120,6,0,S472X,S472X,1,0,0,1,0,0,0,414478.0,4558100.0,537,POINT (414478 4558100)
28080,6,0,S472X,S472X,0,0,0,0,0,0,0,414302.0,4557478.0,537,POINT (414302 4557478)
28063,6,0,S472X,S472X,0,0,0,0,0,0,0,414282.0,4557209.0,527,POINT (414282 4557209)
28055,6,0,S472X,S472X,0,0,0,0,0,0,0,414112.0,4557214.0,526,POINT (414112 4557214)
28012,6,0,S472X,S472X,0,0,0,0,0,0,0,414069.0,4556813.0,527,POINT (414069 4556813)
27972,6,0,S472X,S472X,0,0,0,0,0,0,0,413947.0,4556170.0,622,POINT (413947 4556170)
27901,6,0,S472X,S472X,0,0,0,0,0,0,0,413934.0,4555185.0,623,POINT (413934 4555185)
27887,6,0,S472X,S472X,0,0,0,0,0,0,0,413930.0,4554831.0,623,POINT (413930 4554831)
27856,6,0,S472X,S472X,0,0,0,0,0,0,0,413926.0,4554398.0,626,POINT (413926 4554398)
27794,6,0,S472X,S472X,0,0,0,0,0,0,0,413926.0,4553316.0,628,POINT (413926 4553316)
27766,6,0,S472X,S472X,0,0,0,0,0,0,0,414027.0,4552989.0,646,POINT (414027 4552989)
27761,6,0,S472X,S472X,0,0,0,0,0,0,0,414310.0,4552686.0,646,POINT (414310 4552686)
27753,6,0,S472X,S472X,0,0,0,0,0,0,0,414577.0,4552367.0,647,POINT (414577 4552367)
27717,6,0,S472X,S472X,0,0,0,0,0,0,0,415429.0,4551105.0,655,POINT (415429 4551105)
27708,6,0,S472X,S472X,0,0,0,0,0,0,0,415653.0,4550776.0,655,POINT (415653 4550776)
27697,6,0,S472X,S472X,0,0,0,0,0,0,0,415878.0,4550448.0,660,POINT (415878 4550448)
27667,6,0,S472X,S472X,0,0,0,0,0,0,0,416513.0,4549508.0,703,POINT (416513 4549508)
27657,6,0,S472X,S472X,0,0,0,0,0,0,0,416716.0,4549214.0,703,POINT (416716 4549214)
27643,6,0,S472X,S472X,0,0,0,0,0,0,0,416919.0,4548919.0,703,POINT (416919 4548919)
27597,6,0,S472X,S472X,0,0,0,0,0,0,0,417713.0,4547746.0,710,POINT (417713 4547746)
27572,6,0,S472X,S472X,0,0,0,0,0,0,0,417883.0,4547374.0,720,POINT (417883 4547374)
27604,6,0,S472X,S472X,0,0,0,0,0,0,0,418016.0,4547470.0,721,POINT (418016 4547470)
27624,6,0,S472X,S472X,0,0,0,0,0,0,0,418141.0,4547554.0,721,POINT (418141 4547554)
27644,6,0,S472X,S472X,0,0,0,0,0,0,0,418217.0,4547627.0,705,POINT (418217 4547627)
27672,6,0,S472X,S472X,0,0,0,0,0,0,0,418223.8282,4547868.281,711,POINT (418223.8282 4547868.281)
27701,6,0,S472X,S472X,1,0,0,1,0,0,0,418225.9432,4548169.494,711,POINT (418225.9432 4548169.494)
27568,6,0,S472X,S472X,0,0,0,0,0,0,0,418160.0,4547083.0,720,POINT (418160 4547083)
27515,6,0,S472X,S472X,0,0,0,0,0,0,0,419176.0,4545713.0,737,POINT (419176 4545713)
27481,6,0,S472X,S472X,0,0,0,0,0,0,0,419222.0,4545364.0,742,POINT (419222 4545364)
27437,6,0,S472X,S472X,0,0,0,0,0,0,0,419278.0,4544938.0,742,POINT (419278 4544938)
27383,6,0,S472X,S472X,0,0,0,0,0,0,0,419709.0,4544001.0,751,POINT (419709 4544001)
27384,6,0,S472X,S472X,0,0,0,0,0,0,0,419953.0,4543759.0,751,POINT (419953 4543759)
27369,6,0,S472X,S472X,1,0,0,1,0,0,0,420180.0,4543430.0,756,POINT (420180 4543430)
27339,6,0,S472X,S472X,0,0,0,0,0,0,0,420325.0,4543049.0,756,POINT (420325 4543049)
27295,6,0,S472X,S472X,0,0,0,0,0,0,0,420324.0,4542612.0,756,POINT (420324 4542612)
27151,6,0,S472X,S472X,0,0,0,0,0,0,0,421000.0,4540639.0,763,POINT (421000 4540639)
27136,6,0,S472X,S472X,0,0,0,0,0,0,0,421223.0,4540322.0,765,POINT (421223 4540322)
27113,6,0,S472X,S472X,0,0,0,0,0,0,0,421714.2342,4539718.509,765,POINT (421714.2342 4539718.509)
27129,6,0,S472X,S472X,0,0,0,0,0,0,0,422138.0,4539373.0,765,POINT (422138 4539373)
27141,6,0,S472X,S472X,0,0,0,0,0,0,0,422621.0,4538939.0,775,POINT (422621 4538939)
27159,6,0,S472X,S472X,0,0,0,0,0,0,0,423491.0,4538206.0,775,POINT (423491 4538206)
27168,6,0,S472X,S472X,0,0,0,0,0,0,0,423680.0,4538054.0,775,POINT (423680 4538054)
27189,6,0,S472X,S472X,0,0,0,0,0,0,0,424046.0,4537802.0,780,POINT (424046 4537802)
27187,6,0,S472X,S472X,0,0,0,0,0,0,0,424317.0,4537521.0,780,POINT (424317 4537521)
27160,6,0,S472X,S472X,0,0,0,0,0,0,0,424427.0,4537273.0,780,POINT (424427 4537273)
27090,6,0,S472X,S472X,0,0,0,0,0,0,0,424597.0,4536673.0,787,POINT (424597 4536673)
27033,6,0,S472X,S472X,0,0,0,0,0,0,0,424749.0,4536167.0,787,POINT (424749 4536167)
26996,6,0,S472X,S472X,0,0,0,0,0,0,0,424968.0,4535630.0,789,POINT (424968 4535630)
26982,6,0,S472X,S472X,0,0,0,0,0,0,0,424997.0,4535402.0,789,POINT (424997 4535402)
26843,6,0,S472X,S472X,0,0,0,0,0,0,0,424977.6434,4534161.398,793,POINT (424977.6434 4534161.398)
26802,6,0,S472X,S472X,0,0,0,0,0,0,0,424972.0,4533555.0,795,POINT (424972 4533555)
26697,6,0,S472X,S472X,0,0,0,0,0,0,0,424954.0,4530832.0,802,POINT (424954 4530832)
26670,6,0,S472X,S472X,0,0,0,0,0,0,0,424918.0,4530429.0,802,POINT (424918 4530429)
26655,6,0,S472X,S472X,0,0,0,0,0,0,0,424944.0,4530031.0,807,POINT (424944 4530031)
26606,6,0,S472X,S472X,0,0,0,0,0,0,0,424912.0,4528504.0,825,POINT (424912 4528504)
26578,6,0,S472X,S472X,0,0,0,0,0,0,0,424777.0,4528090.0,825,POINT (424777 4528090)
26557,6,0,S472X,S472X,0,0,0,0,0,0,0,424554.0,4527530.0,825,POINT (424554 4527530)
26546,6,0,S472X,S472X,0,0,0,0,0,0,0,424501.0,4527235.0,823,POINT (424501 4527235)
26533,6,0,S472X,S472X,0,0,0,0,0,0,0,424470.0,4526956.0,823,POINT (424470 4526956)
26524,6,0,S472X,S472X,0,0,0,0,0,0,0,424464.0,4526688.0,823,POINT (424464 4526688)
26506,6,0,S472X,S472X,0,0,0,0,0,0,0,424453.0,4526330.0,823,POINT (424453 4526330)
26485,6,0,S472X,S472X,0,0,0,0,0,0,0,424439.0,4525892.0,864,POINT (424439 4525892)
26438,6,0,S472X,S472X,0,0,0,0,0,0,0,424393.0,4524873.0,871,POINT (424393 4524873)
26415,6,0,S472X,S472X,0,0,0,0,0,0,0,424320.0,4524480.0,871,POINT (424320 4524480)
26397,6,0,S472X,S472X,0,0,0,0,0,0,0,424174.0,4524140.0,871,POINT (424174 4524140)
26377,6,0,S472X,S472X,0,0,0,0,0,0,0,424018.0,4523839.0,871,POINT (424018 4523839)
26357,6,0,S472X,S472X,0,0,0,0,0,0,0,423746.0,4523462.0,879,POINT (423746 4523462)
26300,6,0,S472X,S472X,0,0,0,0,0,0,0,422979.0,4522345.0,879,POINT (422979 4522345)
26286,6,0,S472X,S472X,0,0,0,0,0,0,0,422864.0,4521992.0,882,POINT (422864 4521992)
26271,6,0,S472X,S472X,0,0,0,0,0,0,0,422824.0,4521837.0,882,POINT (422824 4521837)
26239,6,0,S472X,S472X,0,0,0,0,0,0,0,422797.0,4521131.0,890,POINT (422797 4521131)
23080,6,0,S472X,S472X,0,0,0,0,0,0,0,422791.78463,4520971.96903,890,POINT (422791.78463 4520971.96903)
26230,6,0,S472X,S472X,0,0,0,0,0,0,0,422784.0,4520781.0,893,POINT (422784 4520781)
26214,6,0,S472X,S472X,0,0,0,0,0,0,0,422762.46296,4520277.31321,893,POINT (422762.46296 4520277.31321)
26201,6,0,S472X,S472X,0,0,0,0,0,0,0,422744.0,4519941.0,893,POINT (422744 4519941)
26142,6,0,S472X,S472X,0,0,0,0,0,0,0,422696.0,4519098.0,945,POINT (422696 4519098)
26118,6,0,S472X,S472X,0,0,0,0,0,0,0,422574.0,4518906.0,945,POINT (422574 4518906)
26066,6,0,S472X,S472X,0,0,0,0,0,0,0,422274.0,4518628.0,945,POINT (422274 4518628)
26038,6,0,S472X,S472X,0,0,0,0,0,0,0,422163.0,4518475.0,945,POINT (422163 4518475)
25988,6,0,S472X,S472X,0,0,0,0,0,0,0,422052.0,4518212.0,945,POINT (422052 4518212)
25963,6,0,S472X,S472X,0,0,0,0,0,0,0,422046.0,4518037.0,945,POINT (422046 4518037)
25939,6,0,S472X,S472X,0,0,0,0,0,0,0,422076.0,4517800.0,945,POINT (422076 4517800)
25765,6,0,S472X,S472X,0,0,0,0,0,0,0,422523.75345,4516610.56811,962,POINT (422523.75345 4516610.56811)
25728,6,0,S472X,S472X,0,0,0,0,0,0,0,422650.0,4516198.0,962,POINT (422650 4516198)
25680,6,0,S472X,S472X,0,0,0,0,0,0,0,422769.0,4515816.0,970,POINT (422769 4515816)
25642,6,0,S472X,S472X,0,0,0,0,0,0,0,422983.0,4515386.0,970,POINT (422983 4515386)
25590,6,0,S472X,S472X,0,0,0,0,0,0,0,423095.0,4515000.0,970,POINT (423095 4515000)
25622,6,0,S472X,S472X,0,0,0,0,0,0,0,423214.0,4515006.0,963,POINT (423214 4515006)
25648,6,0,S472X,S472X,0,0,0,0,0,0,0,423401.0,4514996.0,991,POINT (423401 4514996)
25726,6,0,S472X,S472X,0,0,0,0,0,0,0,423845.8604,4514992.439,994,POINT (423845.8604 4514992.439)
25747,6,0,S472X,S472X,0,0,0,0,0,0,0,423973.7792,4514991.22,994,POINT (423973.7792 4514991.22)
25772,6,0,S472X,S472X,0,0,0,0,0,0,0,424084.0,4514991.0,972,POINT (424084 4514991)
25681,6,0,S472X,S472X,0,0,0,0,0,0,0,424080.0,4514507.0,994,POINT (424080 4514507)
25639,6,0,S472X,S472X,0,0,0,0,0,0,0,424081.0,4514260.0,995,POINT (424081 4514260)
25594,6,0,S472X,S472X,0,0,0,0,0,0,0,424075.0,4514026.0,994,POINT (424075 4514026)
25545,6,0,S472X,S472X,0,0,0,0,0,0,0,424076.0,4513786.0,1031,POINT (424076 4513786)
25570,6,0,S472X,S472X,1,0,0,1,0,0,0,424187.0,4513783.0,1031,POINT (424187 4513783)
25592,6,0,S472X,S472X,0,0,0,0,0,0,0,424316.0,4513783.0,1033,POINT (424316 4513783)
25616,6,0,S472X,S472X,1,0,0,1,0,0,0,424425.0,4513785.0,995,POINT (424425 4513785)
25636,6,0,S472X,S472X,0,0,0,0,0,0,0,424557.0,4513779.0,1035,POINT (424557 4513779)
25657,6,0,S472X,S472X,0,0,0,0,0,0,0,424673.0,4513775.0,1035,POINT (424673 4513775)
25678,6,0,S472X,S472X,1,0,0,1,0,0,0,424797.0,4513777.0,1035,POINT (424797 4513777)
25698,6,0,S472X,S472X,0,0,0,0,0,0,0,424904.0,4513774.0,1035,POINT (424904 4513774)
25720,6,0,S472X,S472X,0,0,0,0,0,0,0,425043.0,4513776.0,998,POINT (425043 4513776)
25704,6,0,S472X,S472X,1,0,0,1,0,0,0,425042.0,4513653.0,1038,POINT (425042 4513653)
25677,6,0,S472X,S472X,0,0,0,0,0,0,0,425041.0,4513532.0,1037,POINT (425041 4513532)
25658,6,0,S472X,S472X,1,0,0,1,0,0,0,425040.0,4513408.0,1037,POINT (425040 4513408)
25635,6,0,S472X,S472X,0,0,0,0,0,0,0,425039.0,4513292.0,1037,POINT (425039 4513292)
25618,6,0,S472X,S472X,1,0,0,1,0,0,0,425040.0,4513176.0,1084,POINT (425040 4513176)
25586,6,0,S472X,S472X,0,0,0,0,0,0,0,425036.0,4513044.0,1083,POINT (425036 4513044)
25568,6,0,S472X,S472X,1,0,0,1,0,0,0,425036.0,4512931.0,1083,POINT (425036 4512931)
25540,6,0,S472X,S472X,0,0,0,0,0,0,0,425034.0,4512807.0,1082,POINT (425034 4512807)
25510,6,0,S472X,S472X,1,0,0,1,0,0,0,425031.0,4512685.0,1082,POINT (425031 4512685)
25490,6,0,S472X,S472X,1,0,0,1,0,0,0,425031.0,4512570.0,1082,POINT (425031 4512570)
25461,6,0,S472X,S472X,0,0,0,0,0,0,0,425030.0,4512437.0,1143,POINT (425030 4512437)
10046,6,0,S473X,S473X,1,0,0,1,0,0,0,417871.0,4564006.0,368,POINT (417871 4564006)
28812,6,0,S473X,S473X,0,0,0,0,0,0,0,417958.7039,4564037.554,369,POINT (417958.7039 4564037.554)
28808,6,0,S473X,S473X,0,0,0,0,0,0,0,417957.5414,4563967.26633,369,POINT (417957.5414 4563967.26633)
28806,6,0,S473X,S473X,0,0,0,0,0,0,0,417957.1341,4563942.192,390,POINT (417957.1341 4563942.192)
28796,6,0,S473X,S473X,0,0,0,0,0,0,0,417953.0619,4563825.935,390,POINT (417953.0619 4563825.935)
28790,6,0,S473X,S473X,0,0,0,0,0,0,0,417950.0,4563732.0,390,POINT (417950 4563732)
28772,6,0,S473X,S473X,1,0,0,1,0,0,0,417941.0,4563489.0,389,POINT (417941 4563489)
28777,6,0,S473X,S473X,0,0,0,0,0,0,0,418057.0,4563491.0,389,POINT (418057 4563491)
28788,6,0,S473X,S473X,0,0,0,0,0,0,0,418173.0,4563488.0,389,POINT (418173 4563488)
28795,6,0,S473X,S473X,1,0,0,1,0,0,0,418295.0,4563482.0,391,POINT (418295 4563482)
28805,6,0,S473X,S473X,0,0,0,0,0,0,0,418407.0,4563481.0,391,POINT (418407 4563481)
28813,6,0,S473X,S473X,0,0,0,0,0,0,0,418525.0,4563479.0,394,POINT (418525 4563479)
28823,6,0,S473X,S473X,1,0,0,1,0,0,0,418642.0,4563473.0,393,POINT (418642 4563473)
28835,6,0,S473X,S473X,0,0,0,0,0,0,0,418754.0,4563473.0,396,POINT (418754 4563473)
28845,6,0,S473X,S473X,0,0,0,0,0,0,0,418882.0,4563469.0,396,POINT (418882 4563469)
28871,6,0,S473X,S473X,1,0,0,1,0,0,0,419203.0,4563462.0,398,POINT (419203 4563462)
28899,6,0,S473X,S473X,0,0,0,0,0,0,0,419584.9198,4563448.305,400,POINT (419584.9198 4563448.305)
28933,6,0,S473X,S473X,0,0,0,0,0,0,0,420052.0,4563439.0,400,POINT (420052 4563439)
28963,6,0,S473X,S473X,1,0,0,1,0,0,0,420512.0,4563424.0,402,POINT (420512 4563424)
28951,6,0,S473X,S473X,0,0,0,0,0,0,0,420506.0,4563181.0,401,POINT (420506 4563181)
28932,6,0,S473X,S473X,0,0,0,0,0,0,0,420500.0,4562957.0,401,POINT (420500 4562957)
28927,6,0,S473X,S473X,1,0,0,1,0,0,0,420497.0,4562849.0,420,POINT (420497 4562849)
28918,6,0,S473X,S473X,0,0,0,0,0,0,0,420495.0,4562728.0,420,POINT (420495 4562728)
28894,6,0,S473X,S473X,0,0,0,0,0,0,0,420489.0,4562490.0,419,POINT (420489 4562490)
28877,6,0,S473X,S473X,0,0,0,0,0,0,0,420482.0,4562261.0,419,POINT (420482 4562261)
28841,6,0,S473X,S473X,0,0,0,0,0,0,0,420470.0,4561804.0,433,POINT (420470 4561804)
28779,6,0,S473X,S473X,1,0,0,1,0,0,0,420450.0,4561117.0,437,POINT (420450 4561117)
28727,6,0,S473X,S473X,0,0,0,0,0,0,0,420438.0,4560596.0,437,POINT (420438 4560596)
28678,6,0,S473X,S473X,1,0,0,1,0,0,0,420412.0,4559877.0,441,POINT (420412 4559877)
28651,6,0,S473X,S473X,0,0,0,0,0,0,0,420398.0,4559493.0,440,POINT (420398 4559493)
28631,6,0,S473X,S473X,0,0,0,0,0,0,0,420385.0,4559134.0,442,POINT (420385 4559134)
28619,6,0,S473X,S473X,0,0,0,0,0,0,0,420382.0,4558985.0,442,POINT (420382 4558985)
28595,6,0,S473X,S473X,0,0,0,0,0,0,0,420378.9988,4558737.925,443,POINT (420378.9988 4558737.925)
28579,6,0,S473X,S473X,0,0,0,0,0,0,0,420370.0,4558547.0,442,POINT (420370 4558547)
28566,6,0,S473X,S473X,0,0,0,0,0,0,0,420417.0,4558384.0,443,POINT (420417 4558384)
28548,6,0,S473X,S473X,0,0,0,0,0,0,0,420734.8581,4557859.4,443,POINT (420734.8581 4557859.4)
28535,6,0,S473X,S473X,0,0,0,0,0,0,0,420939.0,4557511.0,443,POINT (420939 4557511)
28519,6,0,S473X,S473X,1,0,0,1,0,0,0,421126.0,4557117.0,570,POINT (421126 4557117)
28456,6,0,S473X,S473X,0,0,0,0,0,0,0,421154.0,4556534.0,570,POINT (421154 4556534)
28430,6,0,S473X,S473X,0,0,0,0,0,0,0,421151.0,4556354.0,572,POINT (421151 4556354)
28431,6,0,S473X,S473X,0,0,0,0,0,0,0,421252.0,4556258.0,572,POINT (421252 4556258)
28427,6,0,S473X,S473X,0,0,0,0,0,0,0,421446.9608,4556041.324,572,POINT (421446.9608 4556041.324)
28424,6,0,S473X,S473X,0,0,0,0,0,0,0,421811.0,4555651.0,572,POINT (421811 4555651)
28506,6,0,S473X,S473X,0,0,0,0,0,0,0,422772.0,4555357.0,572,POINT (422772 4555357)
28505,6,0,S473X,S473X,0,0,0,0,0,0,0,422864.5174,4555261.541,572,POINT (422864.5174 4555261.541)
28485,6,0,S473X,S473X,0,0,0,0,0,0,0,423091.0,4554810.0,575,POINT (423091 4554810)
28475,6,0,S473X,S473X,0,0,0,0,0,0,0,423143.0,4554697.0,575,POINT (423143 4554697)
28460,6,0,S473X,S473X,0,0,0,0,0,0,0,423229.0,4554516.0,575,POINT (423229 4554516)
28450,6,0,S473X,S473X,0,0,0,0,0,0,0,423322.0,4554335.0,575,POINT (423322 4554335)
28443,6,0,S473X,S473X,0,0,0,0,0,0,0,423399.0,4554175.0,575,POINT (423399 4554175)
28418,6,0,S473X,S473X,0,0,0,0,0,0,0,423601.0,4553768.0,639,POINT (423601 4553768)
28394,6,0,S473X,S473X,1,0,0,1,0,0,0,423694.0,4553367.0,639,POINT (423694 4553367)
28380,6,0,S473X,S473X,0,0,0,0,0,0,0,423767.0,4552976.0,642,POINT (423767 4552976)
28308,6,0,S473X,S473X,0,0,0,0,0,0,0,423639.23518,4551500.97457,692,POINT (423639.2351751191 4551500.974567802)
28258,6,0,S473X,S473X,0,0,0,0,0,0,0,423558.51335,4550712.78362,698,POINT (423558.5133516193 4550712.783619772)
28169,6,0,S473X,S473X,0,0,0,0,0,0,0,423519.0,4549708.0,698,POINT (423519 4549708)
28142,6,0,S473X,S473X,1,0,0,1,0,0,0,423468.0608,4549378.921,707,POINT (423468.0608 4549378.921)
28118,6,0,S473X,S473X,0,0,0,0,0,0,0,423497.1916,4549074.504,707,POINT (423497.1916 4549074.504)
28061,6,0,S473X,S473X,0,0,0,0,0,0,0,423464.4087,4548003.09201,714,POINT (423464.40870424715 4548003.0920089735)
28038,6,0,S473X,S473X,0,0,0,0,0,0,0,423453.67185,4547720.36386,724,POINT (423453.6718549979 4547720.363859511)
28023,6,0,S473X,S473X,0,0,0,0,0,0,0,423454.33791,4547534.53378,724,POINT (423454.3379126437 4547534.5337763475)
27985,6,0,S473X,S473X,0,0,0,0,0,0,0,423457.24266,4546868.6519,724,POINT (423457.2426640432 4546868.65189581)
27955,6,0,S473X,S473X,0,0,0,0,0,0,0,423421.97399,4546485.90002,730,POINT (423421.9739866208 4546485.900019522)
27935,6,0,S473X,S473X,0,0,0,0,0,0,0,423449.98537,4546144.45862,730,POINT (423449.9853669743 4546144.458624443)
27910,6,0,S473X,S473X,0,0,0,0,0,0,0,423474.5889,4545706.245,730,POINT (423474.5889 4545706.245)
27875,6,0,S473X,S473X,0,0,0,0,0,0,0,423481.89455,4545038.27361,748,POINT (423481.89455017954 4545038.273606714)
27824,6,0,S473X,S473X,0,0,0,0,0,0,0,423486.8582,4544168.21654,748,POINT (423486.85820090026 4544168.2165447045)
27797,6,0,S473X,S473X,1,0,0,1,0,0,0,423464.16723,4543788.14272,748,POINT (423464.1672261777 4543788.142718104)
27751,6,0,S473X,S473X,0,0,0,0,0,0,0,423515.22192,4543390.87339,768,POINT (423515.2219193037 4543390.873387209)
27675,6,0,S473X,S473X,0,0,0,0,0,0,0,423587.737,4542539.853,768,POINT (423587.737 4542539.853)
27618,6,0,S473X,S473X,0,0,0,0,0,0,0,423617.15403,4542048.02859,769,POINT (423617.1540323152 4542048.028594071)
27526,6,0,S473X,S473X,0,0,0,0,0,0,0,423583.47212,4541338.04927,769,POINT (423583.4721167111 4541338.049267789)
27449,6,0,S473X,S473X,0,0,0,0,0,0,0,423439.0,4540845.0,769,POINT (423439 4540845)
27378,6,0,S473X,S473X,0,0,0,0,0,0,0,423274.13031,4540423.31935,771,POINT (423274.13031287654 4540423.319349289)
27357,6,0,S473X,S473X,0,0,0,0,0,0,0,423296.28947,4540191.97777,771,POINT (423296.28946787916 4540191.977771059)
27346,6,0,S473X,S473X,0,0,0,0,0,0,0,423333.3768,4540086.265,771,POINT (423333.3768 4540086.265)
27308,6,0,S473X,S473X,0,0,0,0,0,0,0,423561.0,4539470.0,771,POINT (423561 4539470)
27290,6,0,S473X,S473X,0,0,0,0,0,0,0,423638.0,4539264.0,771,POINT (423638 4539264)
27272,6,0,S473X,S473X,0,0,0,0,0,0,0,423820.0,4538788.0,776,POINT (423820 4538788)
27250,6,0,S473X,S473X,0,0,0,0,0,0,0,423885.0,4538561.0,776,POINT (423885 4538561)
27228,6,0,S473X,S473X,0,0,0,0,0,0,0,424011.873,4538153.577,776,POINT (424011.873 4538153.577)
27204,6,0,S473X,S473X,0,0,0,0,0,0,0,423879.0,4538052.0,776,POINT (423879 4538052)
27166,6,0,S473X,S473X,0,0,0,0,0,0,0,423781.0,4537943.0,780,POINT (423781 4537943)
29821,6,0,S473X,S473X,0,0,0,0,0,0,0,423748.19985,4537904.71138,780,POINT (423748.19985 4537904.71138)
27137,6,0,S473X,S473X,0,0,0,0,0,0,0,423696.1539,4537852.373,780,POINT (423696.1539 4537852.373)
27082,6,0,S473X,S473X,0,0,0,0,0,0,0,423535.9412,4537678.869,775,POINT (423535.9412 4537678.869)
10031,6,0,S473X,S473X,1,0,0,1,0,0,0,423905.0949,4537796.948,780,POINT (423905.0949 4537796.948)
27215,6,0,S473X,S473X,0,0,0,0,0,0,0,424133.0,4537849.0,776,POINT (424133 4537849)
27184,6,0,S473X,S473X,0,0,0,0,0,0,0,424180.0,4537627.0,780,POINT (424180 4537627)
27160,6,0,S473X,S473X,0,0,0,0,0,0,0,424427.0,4537273.0,780,POINT (424427 4537273)
27090,6,0,S473X,S473X,0,0,0,0,0,0,0,424597.0,4536673.0,787,POINT (424597 4536673)
27033,6,0,S473X,S473X,0,0,0,0,0,0,0,424749.0,4536167.0,787,POINT (424749 4536167)
26996,6,0,S473X,S473X,0,0,0,0,0,0,0,424968.0,4535630.0,789,POINT (424968 4535630)
26982,6,0,S473X,S473X,0,0,0,0,0,0,0,424997.0,4535402.0,789,POINT (424997 4535402)
26843,6,0,S473X,S473X,0,0,0,0,0,0,0,424977.6434,4534161.398,793,POINT (424977.6434 4534161.398)
26802,6,0,S473X,S473X,0,0,0,0,0,0,0,424972.0,4533555.0,795,POINT (424972 4533555)
26697,6,0,S473X,S473X,0,0,0,0,0,0,0,424954.0,4530832.0,802,POINT (424954 4530832)
26672,6,0,S473X,S473X,0,0,0,0,0,0,0,424968.0,4530454.0,802,POINT (424968 4530454)
26655,6,0,S473X,S473X,0,0,0,0,0,0,0,424944.0,4530031.0,807,POINT (424944 4530031)
26606,6,0,S473X,S473X,0,0,0,0,0,0,0,424912.0,4528504.0,825,POINT (424912 4528504)
26578,6,0,S473X,S473X,0,0,0,0,0,0,0,424777.0,4528090.0,825,POINT (424777 4528090)
26557,6,0,S473X,S473X,0,0,0,0,0,0,0,424554.0,4527530.0,825,POINT (424554 4527530)
26546,6,0,S473X,S473X,0,0,0,0,0,0,0,424501.0,4527235.0,823,POINT (424501 4527235)
26533,6,0,S473X,S473X,0,0,0,0,0,0,0,424470.0,4526956.0,823,POINT (424470 4526956)
26524,6,0,S473X,S473X,0,0,0,0,0,0,0,424464.0,4526688.0,823,POINT (424464 4526688)
26506,6,0,S473X,S473X,0,0,0,0,0,0,0,424453.0,4526330.0,823,POINT (424453 4526330)
26485,6,0,S473X,S473X,0,0,0,0,0,0,0,424439.0,4525892.0,864,POINT (424439 4525892)
26438,6,0,S473X,S473X,0,0,0,0,0,0,0,424393.0,4524873.0,871,POINT (424393 4524873)
26415,6,0,S473X,S473X,0,0,0,0,0,0,0,424320.0,4524480.0,871,POINT (424320 4524480)
26397,6,0,S473X,S473X,0,0,0,0,0,0,0,424174.0,4524140.0,871,POINT (424174 4524140)
26377,6,0,S473X,S473X,0,0,0,0,0,0,0,424018.0,4523839.0,871,POINT (424018 4523839)
26357,6,0,S473X,S473X,0,0,0,0,0,0,0,423746.0,4523462.0,879,POINT (423746 4523462)
26300,6,0,S473X,S473X,0,0,0,0,0,0,0,422979.0,4522345.0,879,POINT (422979 4522345)
26286,6,0,S473X,S473X,0,0,0,0,0,0,0,422864.0,4521992.0,882,POINT (422864 4521992)
26271,6,0,S473X,S473X,0,0,0,0,0,0,0,422824.0,4521837.0,882,POINT (422824 4521837)
26239,6,0,S473X,S473X,0,0,0,0,0,0,0,422797.0,4521131.0,890,POINT (422797 4521131)
23080,6,0,S473X,S473X,0,0,0,0,0,0,0,422791.78463,4520971.96903,890,POINT (422791.78463 4520971.96903)
26230,6,0,S473X,S473X,0,0,0,0,0,0,0,422784.0,4520781.0,893,POINT (422784 4520781)
26214,6,0,S473X,S473X,0,0,0,0,0,0,0,422762.46296,4520277.31321,893,POINT (422762.46296 4520277.31321)
26201,6,0,S473X,S473X,0,0,0,0,0,0,0,422744.0,4519941.0,893,POINT (422744 4519941)
26142,6,0,S473X,S473X,0,0,0,0,0,0,0,422696.0,4519098.0,945,POINT (422696 4519098)
26118,6,0,S473X,S473X,0,0,0,0,0,0,0,422574.0,4518906.0,945,POINT (422574 4518906)
26066,6,0,S473X,S473X,0,0,0,0,0,0,0,422274.0,4518628.0,945,POINT (422274 4518628)
26038,6,0,S473X,S473X,0,0,0,0,0,0,0,422163.0,4518475.0,945,POINT (422163 4518475)
25988,6,0,S473X,S473X,0,0,0,0,0,0,0,422052.0,4518212.0,945,POINT (422052 4518212)
25963,6,0,S473X,S473X,0,0,0,0,0,0,0,422046.0,4518037.0,945,POINT (422046 4518037)
25939,6,0,S473X,S473X,0,0,0,0,0,0,0,422076.0,4517800.0,945,POINT (422076 4517800)
25765,6,0,S473X,S473X,0,0,0,0,0,0,0,422523.75345,4516610.56811,962,POINT (422523.75345 4516610.56811)
25728,6,0,S473X,S473X,0,0,0,0,0,0,0,422650.0,4516198.0,962,POINT (422650 4516198)
25680,6,0,S473X,S473X,0,0,0,0,0,0,0,422769.0,4515816.0,970,POINT (422769 4515816)
25642,6,0,S473X,S473X,0,0,0,0,0,0,0,422983.0,4515386.0,970,POINT (422983 4515386)
25590,6,0,S473X,S473X,0,0,0,0,0,0,0,423095.0,4515000.0,970,POINT (423095 4515000)
25622,6,0,S473X,S473X,0,0,0,0,0,0,0,423214.0,4515006.0,963,POINT (423214 4515006)
25648,6,0,S473X,S473X,0,0,0,0,0,0,0,423401.0,4514996.0,991,POINT (423401 4514996)
25726,6,0,S473X,S473X,0,0,0,0,0,0,0,423845.8604,4514992.439,994,POINT (423845.8604 4514992.439)
25747,6,0,S473X,S473X,0,0,0,0,0,0,0,423973.7792,4514991.22,994,POINT (423973.7792 4514991.22)
25772,6,0,S473X,S473X,0,0,0,0,0,0,0,424084.0,4514991.0,972,POINT (424084 4514991)
25681,6,0,S473X,S473X,0,0,0,0,0,0,0,424080.0,4514507.0,994,POINT (424080 4514507)
25639,6,0,S473X,S473X,0,0,0,0,0,0,0,424081.0,4514260.0,995,POINT (424081 4514260)
25594,6,0,S473X,S473X,0,0,0,0,0,0,0,424075.0,4514026.0,994,POINT (424075 4514026)
25545,6,0,S473X,S473X,0,0,0,0,0,0,0,424076.0,4513786.0,1031,POINT (424076 4513786)
25570,6,0,S473X,S473X,1,0,0,1,0,0,0,424187.0,4513783.0,1031,POINT (424187 4513783)
25592,6,0,S473X,S473X,0,0,0,0,0,0,0,424316.0,4513783.0,1033,POINT (424316 4513783)
25616,6,0,S473X,S473X,1,0,0,1,0,0,0,424425.0,4513785.0,995,POINT (424425 4513785)
25636,6,0,S473X,S473X,0,0,0,0,0,0,0,424557.0,4513779.0,1035,POINT (424557 4513779)
25657,6,0,S473X,S473X,0,0,0,0,0,0,0,424673.0,4513775.0,1035,POINT (424673 4513775)
25678,6,0,S473X,S473X,1,0,0,1,0,0,0,424797.0,4513777.0,1035,POINT (424797 4513777)
25698,6,0,S473X,S473X,0,0,0,0,0,0,0,424904.0,4513774.0,1035,POINT (424904 4513774)
25720,6,0,S473X,S473X,0,0,0,0,0,0,0,425043.0,4513776.0,998,POINT (425043 4513776)
25704,6,0,S473X,S473X,1,0,0,1,0,0,0,425042.0,4513653.0,1038,POINT (425042 4513653)
25677,6,0,S473X,S473X,0,0,0,0,0,0,0,425041.0,4513532.0,1037,POINT (425041 4513532)
25658,6,0,S473X,S473X,1,0,0,1,0,0,0,425040.0,4513408.0,1037,POINT (425040 4513408)
25635,6,0,S473X,S473X,0,0,0,0,0,0,0,425039.0,4513292.0,1037,POINT (425039 4513292)
25618,6,0,S473X,S473X,1,0,0,1,0,0,0,425040.0,4513176.0,1084,POINT (425040 4513176)
25586,6,0,S473X,S473X,0,0,0,0,0,0,0,425036.0,4513044.0,1083,POINT (425036 4513044)
25568,6,0,S473X,S473X,1,0,0,1,0,0,0,425036.0,4512931.0,1083,POINT (425036 4512931)
25540,6,0,S473X,S473X,0,0,0,0,0,0,0,425034.0,4512807.0,1082,POINT (425034 4512807)
25510,6,0,S473X,S473X,1,0,0,1,0,0,0,425031.0,4512685.0,1082,POINT (425031 4512685)
25490,6,0,S473X,S473X,1,0,0,1,0,0,0,425031.0,4512570.0,1082,POINT (425031 4512570)
25517,6,0,S473X,S473X,0,0,0,0,0,0,0,425157.0,4512568.0,1082,POINT (425157 4512568)
25538,6,0,S473X,S473X,0,0,0,0,0,0,0,425271.0,4512566.0,1085,POINT (425271 4512566)
25557,6,0,S473X,S473X,0,0,0,0,0,0,0,425383.0,4512565.0,1085,POINT (425383 4512565)
25584,6,0,S473X,S473X,0,0,0,0,0,0,0,425509.0,4512564.0,1085,POINT (425509 4512564)
25606,6,0,S473X,S473X,0,0,0,0,0,0,0,425627.0,4512563.0,1088,POINT (425627 4512563)
25651,6,0,S473X,S473X,0,0,0,0,0,0,0,425865.0,4512558.0,1155,POINT (425865 4512558)
25673,6,0,S473X,S473X,0,0,0,0,0,0,0,425993.0,4512559.0,1091,POINT (425993 4512559)
25693,6,0,S473X,S473X,0,0,0,0,0,0,0,426113.0,4512558.0,1094,POINT (426113 4512558)
25713,6,0,S473X,S473X,0,0,0,0,0,0,0,426235.0,4512556.0,1158,POINT (426235 4512556)
25722,6,0,S473X,S473X,0,0,0,0,0,0,0,426271.0,4512557.0,1094,POINT (426271 4512557)
25754,6,0,S473X,S473X,0,0,0,0,0,0,0,426474.0,4512553.0,1158,POINT (426474 4512553)
25831,6,0,S473X,S473X,0,0,0,0,0,0,0,426721.0,4512554.0,1097,POINT (426721 4512554)
25879,6,0,S473X,S473X,0,0,0,0,0,0,0,426961.0,4512548.0,1161,POINT (426961 4512548)
25915,6,0,S473X,S473X,0,0,0,0,0,0,0,427159.0,4512546.0,1163,POINT (427159 4512546)
25914,6,0,S473X,S473X,0,0,0,0,0,0,0,427191.857,4512509.168,1163,POINT (427191.857 4512509.168)
25890,6,0,S473X,S473X,0,0,0,0,0,0,0,427210.4869,4512365.718,1163,POINT (427210.4869 4512365.718)
25894,6,0,S473X,S473X,0,0,0,0,0,0,0,427285.0067,4512304.239,1164,POINT (427285.0067 4512304.239)
25933,6,0,S473X,S473X,0,0,0,0,0,0,0,427547.0,4512302.0,1164,POINT (427547 4512302)
25981,6,0,S473X,S473X,0,0,0,0,0,0,0,427924.0,4512298.0,1164,POINT (427924 4512298)
26015,6,0,S473X,S473X,0,0,0,0,0,0,0,427927.0,4512538.0,1163,POINT (427927 4512538)
26029,6,0,S473X,S473X,0,0,0,0,0,0,0,428054.4233,4512537.113,1163,POINT (428054.4233 4512537.113)
26078,6,0,S473X,S473X,0,0,0,0,0,0,0,428466.0,4512556.0,1051,POINT (428466 4512556)
26082,6,0,S473X,S473X,0,0,0,0,0,0,0,428678.0,4512422.0,1051,POINT (428678 4512422)
26101,6,0,S473X,S473X,1,0,0,1,0,0,0,428952.0,4512370.0,1051,POINT (428952 4512370)
26168,6,0,S473X,S473X,0,0,0,0,0,0,0,429468.6287,4512710.822,1052,POINT (429468.6287 4512710.822)
26184,6,0,S473X,S473X,0,0,0,0,0,0,0,429367.2199,4513057.466,1052,POINT (429367.2199 4513057.466)
26205,6,0,S473X,S473X,0,0,0,0,0,0,0,429432.3378,4513317.937,1007,POINT (429432.3378 4513317.937)
15149,6,0,S473X,S473X,1,0,0,1,0,0,0,429459.0,4513376.0,1007,POINT (429459 4513376)
15148,6,0,S473X,S473X,1,0,0,1,0,0,0,429519.0,4512697.0,1052,POINT (429519 4512697)
26153,6,0,S473X,S473X,0,0,0,0,0,0,0,429564.0,4512353.0,1052,POINT (429564 4512353)
26125,6,0,S473X,S473X,0,0,0,0,0,0,0,429432.233,4512153.466,1167,POINT (429432.233 4512153.466)
26126,6,0,S473X,S473X,0,0,0,0,0,0,0,429527.8296,4512061.051,1052,POINT (429527.8296 4512061.051)
15041,7,0,Blue,Draper to SLC CBD LRT,1,0,0,0,1,0,0,427118.866,4486445.849,2123,POINT (427118.866 4486445.849)
15040,7,0,Blue,Draper to SLC CBD LRT,0,0,0,0,0,0,0,426810.0,4486568.0,2122,POINT (426810 4486568)
15044,7,0,Blue,Draper to SLC CBD LRT,1,0,0,0,1,0,0,426156.8878,4487686.105,2107,POINT (426156.8878 4487686.105)
15046,7,0,Blue,Draper to SLC CBD LRT,1,0,0,0,1,0,0,425630.3295,4488641.506,1930,POINT (425630.3295 4488641.506)
15051,7,0,Blue,Draper to SLC CBD LRT,1,0,0,0,1,0,0,425124.0,4491486.0,1898,POINT (425124 4491486)
15053,7,0,Blue,Draper to SLC CBD LRT,1,0,0,0,1,0,0,424991.0,4492658.0,1875,POINT (424991 4492658)
15056,7,0,Blue,Draper to SLC CBD LRT,1,0,0,0,1,0,0,425051.0,4493564.0,1876,POINT (425051 4493564)
15061,7,0,Blue,Draper to SLC CBD LRT,0,0,0,0,0,0,0,425062.0,4495085.0,1819,POINT (425062 4495085)
15062,7,0,Blue,Draper to SLC CBD LRT,1,0,0,0,1,0,0,424468.0,4495877.0,1812,POINT (424468 4495877)
15063,7,0,Blue,Draper to SLC CBD LRT,1,0,0,0,1,0,0,424018.0,4496873.0,1802,POINT (424018 4496873)
15068,7,0,Blue,Draper to SLC CBD LRT,1,0,0,0,1,0,0,424062.0,4498460.0,1669,POINT (424062 4498460)
10016,7,0,Blue,Draper to SLC CBD LRT,1,0,0,0,1,0,0,424253.3785,4501376.055,1633,POINT (424253.3785 4501376.055)
15073,7,0,Blue,Draper to SLC CBD LRT,0,0,0,0,0,0,0,424445.0,4501758.0,1628,POINT (424445 4501758)
15077,7,0,Blue,Draper to SLC CBD LRT,1,0,0,0,1,0,0,424447.0,4503260.0,1619,POINT (424447 4503260)
15080,7,0,Blue,Draper to SLC CBD LRT,1,0,0,0,1,0,0,424237.0,4504457.0,1491,POINT (424237 4504457)
15086,7,0,Blue,Draper to SLC CBD LRT,1,0,0,0,1,0,0,424229.0,4505924.0,1473,POINT (424229 4505924)
15094,7,0,Blue,Draper to SLC CBD LRT,0,0,0,0,0,0,0,424255.2792,4508304.672,1451,POINT (424255.2792 4508304.672)
15095,7,0,Blue,Draper to SLC CBD LRT,1,0,0,0,1,0,0,424260.0,4508556.0,1444,POINT (424260 4508556)
15100,7,0,Blue,Draper to SLC CBD LRT,0,0,0,0,0,0,0,424275.5237,4509590.245,1228,POINT (424275.5237 4509590.245)
15104,7,0,Blue,Draper to SLC CBD LRT,1,0,0,0,1,0,0,424288.0,4510488.0,1191,POINT (424288 4510488)
15109,7,0,Blue,Draper to SLC CBD LRT,1,0,0,0,1,0,0,424322.0,4511422.0,1128,POINT (424322 4511422)
15114,7,0,Blue,Draper to SLC CBD LRT,0,0,0,0,0,0,0,424323.0,4511820.0,1128,POINT (424323 4511820)
15118,7,0,Blue,Draper to SLC CBD LRT,0,0,0,0,0,0,0,424748.0,4511818.0,1132,POINT (424748 4511818)
15123,7,0,Blue,Draper to SLC CBD LRT,1,0,0,0,1,0,0,424749.7334,4511976.899,1133,POINT (424749.7334 4511976.899)
15127,7,0,Blue,Draper to SLC CBD LRT,1,0,0,0,1,0,0,424766.0,4512379.0,1135,POINT (424766 4512379)
15157,7,0,Blue,Draper to SLC CBD LRT,0,0,0,0,0,0,0,424766.00262,4512599.48659,1076,POINT (424766.00262 4512599.48659)
15133,7,0,Blue,Draper to SLC CBD LRT,1,0,0,0,1,0,0,424766.0,4512872.0,1077,POINT (424766 4512872)
15156,7,0,Blue,Draper to SLC CBD LRT,0,0,0,0,0,0,0,424768.51487,4513079.86005,1078,POINT (424768.51487 4513079.86005)
15136,7,0,Blue,Draper to SLC CBD LRT,1,0,0,0,1,0,0,424769.0,4513356.0,1034,POINT (424769 4513356)
15137,7,0,Blue,Draper to SLC CBD LRT,0,0,0,0,0,0,0,424768.0,4513516.0,1034,POINT (424768 4513516)
15135,7,0,Blue,Draper to SLC CBD LRT,1,0,0,0,1,0,0,424508.0,4513514.0,1032,POINT (424508 4513514)
15155,7,0,Blue,Draper to SLC CBD LRT,0,0,0,0,0,0,0,424294.83848,4513516.82816,1030,POINT (424294.83848 4513516.82816)
15154,7,0,Blue,Draper to SLC CBD LRT,0,0,0,0,0,0,0,424053.17531,4513522.97214,1028,POINT (424053.17531 4513522.97214)
15131,7,0,Blue,Draper to SLC CBD LRT,0,0,0,0,0,0,0,423915.0,4513527.0,1028,POINT (423915 4513527)
15130,7,0,Blue,Draper to SLC CBD LRT,1,0,0,0,1,0,0,423849.0,4513526.0,1028,POINT (423849 4513526)
15126,7,0,Blue,Draper to SLC CBD LRT,1,0,0,0,1,0,0,423848.0,4513276.0,1070,POINT (423848 4513276)
15125,7,0,Blue,Draper to SLC CBD LRT,0,0,0,0,0,0,0,423848.0,4513037.0,1069,POINT (423848 4513037)
15119,7,0,Blue,Draper to SLC CBD LRT,1,0,0,0,1,0,0,423534.0,4513034.0,1065,POINT (423534 4513034)
15117,7,0,Blue,Draper to SLC CBD LRT,0,0,0,0,0,0,0,423366.0,4513034.0,1065,POINT (423366 4513034)
10019,7,0,Blue,Draper to SLC CBD LRT,1,0,0,0,1,0,0,423276.393,4512777.323,1024,POINT (423276.393 4512777.323)
15069,7,0,Green,WVC to SLC CBD to SLC Airport LRT,1,0,0,0,1,0,0,419002.0,4505156.0,1383,POINT (419002 4505156)
15070,7,0,Green,WVC to SLC CBD to SLC Airport LRT,0,0,0,0,0,0,0,419109.0,4505156.0,1384,POINT (419109 4505156)
15169,7,0,Green,WVC to SLC CBD to SLC Airport LRT,0,0,0,0,0,0,0,419112.68248,4505492.53588,1384,POINT (419112.68248 4505492.53588)
15071,7,0,Green,WVC to SLC CBD to SLC Airport LRT,0,0,0,0,0,0,0,419120.0,4506310.0,1368,POINT (419120 4506310)
15072,7,0,Green,WVC to SLC CBD to SLC Airport LRT,1,0,0,0,1,0,0,419836.0,4506302.0,1369,POINT (419836 4506302)
15074,7,0,Green,WVC to SLC CBD to SLC Airport LRT,0,0,0,0,0,0,0,419869.0,4506472.0,1351,POINT (419869 4506472)
15075,7,0,Green,WVC to SLC CBD to SLC Airport LRT,0,0,0,0,0,0,0,420350.0,4507072.0,1351,POINT (420350 4507072)
15078,7,0,Green,WVC to SLC CBD to SLC Airport LRT,1,0,0,0,1,0,0,420595.0,4507117.0,1351,POINT (420595 4507117)
15079,7,0,Green,WVC to SLC CBD to SLC Airport LRT,0,0,0,0,0,0,0,421039.0,4507126.0,1353,POINT (421039 4507126)
15081,7,0,Green,WVC to SLC CBD to SLC Airport LRT,0,0,0,0,0,0,0,421773.0,4507275.0,1353,POINT (421773 4507275)
15083,7,0,Green,WVC to SLC CBD to SLC Airport LRT,0,0,0,0,0,0,0,421896.0,4507386.0,1353,POINT (421896 4507386)
15084,7,0,Green,WVC to SLC CBD to SLC Airport LRT,0,0,0,0,0,0,0,421927.0,4507610.0,1331,POINT (421927 4507610)
15085,7,0,Green,WVC to SLC CBD to SLC Airport LRT,1,0,0,0,1,0,0,421974.0,4508111.0,1331,POINT (421974 4508111)
15088,7,0,Green,WVC to SLC CBD to SLC Airport LRT,0,0,0,0,0,0,0,422223.0,4508478.0,1439,POINT (422223 4508478)
15091,7,0,Green,WVC to SLC CBD to SLC Airport LRT,0,0,0,0,0,0,0,423039.0,4508453.0,1440,POINT (423039 4508453)
15092,7,0,Green,WVC to SLC CBD to SLC Airport LRT,0,0,0,0,0,0,0,423466.0,4508340.0,1441,POINT (423466 4508340)
15094,7,0,Green,WVC to SLC CBD to SLC Airport LRT,0,0,0,0,0,0,0,424255.2792,4508304.672,1451,POINT (424255.2792 4508304.672)
15095,7,0,Green,WVC to SLC CBD to SLC Airport LRT,1,0,0,0,1,0,0,424260.0,4508556.0,1444,POINT (424260 4508556)
15100,7,0,Green,WVC to SLC CBD to SLC Airport LRT,0,0,0,0,0,0,0,424275.5237,4509590.245,1228,POINT (424275.5237 4509590.245)
15104,7,0,Green,WVC to SLC CBD to SLC Airport LRT,1,0,0,0,1,0,0,424288.0,4510488.0,1191,POINT (424288 4510488)
15109,7,0,Green,WVC to SLC CBD to SLC Airport LRT,1,0,0,0,1,0,0,424322.0,4511422.0,1128,POINT (424322 4511422)
15114,7,0,Green,WVC to SLC CBD to SLC Airport LRT,0,0,0,0,0,0,0,424323.0,4511820.0,1128,POINT (424323 4511820)
15118,7,0,Green,WVC to SLC CBD to SLC Airport LRT,0,0,0,0,0,0,0,424748.0,4511818.0,1132,POINT (424748 4511818)
15123,7,0,Green,WVC to SLC CBD to SLC Airport LRT,1,0,0,0,1,0,0,424749.7334,4511976.899,1133,POINT (424749.7334 4511976.899)
15127,7,0,Green,WVC to SLC CBD to SLC Airport LRT,1,0,0,0,1,0,0,424766.0,4512379.0,1135,POINT (424766 4512379)
15157,7,0,Green,WVC to SLC CBD to SLC Airport LRT,0,0,0,0,0,0,0,424766.00262,4512599.48659,1076,POINT (424766.00262 4512599.48659)
15133,7,0,Green,WVC to SLC CBD to SLC Airport LRT,1,0,0,0,1,0,0,424766.0,4512872.0,1077,POINT (424766 4512872)
15156,7,0,Green,WVC to SLC CBD to SLC Airport LRT,0,0,0,0,0,0,0,424768.51487,4513079.86005,1078,POINT (424768.51487 4513079.86005)
15136,7,0,Green,WVC to SLC CBD to SLC Airport LRT,1,0,0,0,1,0,0,424769.0,4513356.0,1034,POINT (424769 4513356)
15137,7,0,Green,WVC to SLC CBD to SLC Airport LRT,0,0,0,0,0,0,0,424768.0,4513516.0,1034,POINT (424768 4513516)
15135,7,0,Green,WVC to SLC CBD to SLC Airport LRT,1,0,0,0,1,0,0,424508.0,4513514.0,1032,POINT (424508 4513514)
15155,7,0,Green,WVC to SLC CBD to SLC Airport LRT,0,0,0,0,0,0,0,424294.83848,4513516.82816,1030,POINT (424294.83848 4513516.82816)
15154,7,0,Green,WVC to SLC CBD to SLC Airport LRT,0,0,0,0,0,0,0,424053.17531,4513522.97214,1028,POINT (424053.17531 4513522.97214)
15131,7,0,Green,WVC to SLC CBD to SLC Airport LRT,0,0,0,0,0,0,0,423915.0,4513527.0,1028,POINT (423915 4513527)
15130,7,0,Green,WVC to SLC CBD to SLC Airport LRT,1,0,0,0,1,0,0,423849.0,4513526.0,1028,POINT (423849 4513526)
15132,7,0,Green,WVC to SLC CBD to SLC Airport LRT,0,0,0,0,0,0,0,423856.0,4513764.0,1029,POINT (423856 4513764)
10021,7,0,Green,WVC to SLC CBD to SLC Airport LRT,1,0,0,0,1,0,0,423610.8845,4513767.165,1027,POINT (423610.8845 4513767.165)
15153,7,0,Green,WVC to SLC CBD to SLC Airport LRT,0,0,0,0,0,0,0,423327.40837,4513770.42613,1025,POINT (423327.40837 4513770.42613)
15122,7,0,Green,WVC to SLC CBD to SLC Airport LRT,1,0,0,0,1,0,0,422906.0,4513778.0,1022,POINT (422906 4513778)
15152,7,0,Green,WVC to SLC CBD to SLC Airport LRT,0,0,0,0,0,0,0,422585.009,4513776.97754,1020,POINT (422585.009 4513776.97754)
15110,7,0,Green,WVC to SLC CBD to SLC Airport LRT,1,0,0,0,1,0,0,422035.0,4513780.0,1020,POINT (422035 4513780)
15105,7,0,Green,WVC to SLC CBD to SLC Airport LRT,1,0,0,0,1,0,0,421101.0,4513789.0,1017,POINT (421101 4513789)
15151,7,0,Green,WVC to SLC CBD to SLC Airport LRT,0,0,0,0,0,0,0,420711.02195,4513795.33449,1016,POINT (420711.02195 4513795.33449)
15101,7,0,Green,WVC to SLC CBD to SLC Airport LRT,1,0,0,0,1,0,0,420317.0,4513804.0,1016,POINT (420317 4513804)
15150,7,0,Green,WVC to SLC CBD to SLC Airport LRT,0,0,0,0,0,0,0,419495.9824,4513809.33519,979,POINT (419495.9824 4513809.33519)
15096,7,0,Green,WVC to SLC CBD to SLC Airport LRT,0,0,0,0,0,0,0,419098.0,4513813.0,965,POINT (419098 4513813)
15090,7,0,Green,WVC to SLC CBD to SLC Airport LRT,0,0,0,0,0,0,0,418210.0,4513198.0,1014,POINT (418210 4513198)
15089,7,0,Green,WVC to SLC CBD to SLC Airport LRT,0,0,0,0,0,0,0,417370.0,4513343.0,1014,POINT (417370 4513343)
15087,7,0,Green,WVC to SLC CBD to SLC Airport LRT,0,0,0,0,0,0,0,416896.0,4513700.0,1014,POINT (416896 4513700)
15093,7,0,Green,WVC to SLC CBD to SLC Airport LRT,1,0,0,0,1,0,0,417036.556,4514921.869,965,POINT (417036.556 4514921.869)
15149,7,0,Red,Daybreak to SLC CBD to UofU LRT,1,0,0,0,1,0,0,429459.0,4513376.0,1007,POINT (429459 4513376)
15148,7,0,Red,Daybreak to SLC CBD to UofU LRT,1,0,0,0,1,0,0,429519.0,4512697.0,1052,POINT (429519 4512697)
15147,7,0,Red,Daybreak to SLC CBD to UofU LRT,1,0,0,0,1,0,0,428961.0,4512319.0,1051,POINT (428961 4512319)
15146,7,0,Red,Daybreak to SLC CBD to UofU LRT,0,0,0,0,0,0,0,428649.0,4512370.0,1051,POINT (428649 4512370)
15145,7,0,Red,Daybreak to SLC CBD to UofU LRT,0,0,0,0,0,0,0,428424.0,4512502.0,1051,POINT (428424 4512502)
15144,7,0,Red,Daybreak to SLC CBD to UofU LRT,0,0,0,0,0,0,0,428094.0,4512501.0,1051,POINT (428094 4512501)
15143,7,0,Red,Daybreak to SLC CBD to UofU LRT,1,0,0,0,1,0,0,428073.0,4512469.0,1051,POINT (428073 4512469)
15142,7,0,Red,Daybreak to SLC CBD to UofU LRT,0,0,0,0,0,0,0,428069.0,4512266.0,1166,POINT (428069 4512266)
15158,7,0,Red,Daybreak to SLC CBD to UofU LRT,0,0,0,0,0,0,0,427896.73902,4512266.56405,1164,POINT (427896.73902 4512266.56405)
15140,7,0,Red,Daybreak to SLC CBD to UofU LRT,0,0,0,0,0,0,0,427192.0,4512286.0,1164,POINT (427192 4512286)
15141,7,0,Red,Daybreak to SLC CBD to UofU LRT,0,0,0,0,0,0,0,427147.0,4512528.0,1161,POINT (427147 4512528)
15139,7,0,Red,Daybreak to SLC CBD to UofU LRT,1,0,0,0,1,0,0,426923.0,4512528.0,1161,POINT (426923 4512528)
15159,7,0,Red,Daybreak to SLC CBD to UofU LRT,0,0,0,0,0,0,0,426501.14806,4512522.94529,1161,POINT (426501.14806 4512522.94529)
15138,7,0,Red,Daybreak to SLC CBD to UofU LRT,1,0,0,0,1,0,0,426277.0,4512521.0,1158,POINT (426277 4512521)
15160,7,0,Red,Daybreak to SLC CBD to UofU LRT,0,0,0,0,0,0,0,426029.21544,4512527.58798,1158,POINT (426029.21544 4512527.58798)
15161,7,0,Red,Daybreak to SLC CBD to UofU LRT,0,0,0,0,0,0,0,425541.97493,4512538.10869,1151,POINT (425541.97493 4512538.10869)
15134,7,0,Red,Daybreak to SLC CBD to UofU LRT,1,0,0,0,1,0,0,425300.0,4512542.0,1147,POINT (425300 4512542)
15171,7,0,Red,Daybreak to SLC CBD to UofU LRT,0,0,0,0,0,0,0,425044.51451,4512462.03141,1143,POINT (425044.51451 4512462.03141)
15170,7,0,Red,Daybreak to SLC CBD to UofU LRT,0,0,0,0,0,0,0,424920.91724,4512424.21158,1139,POINT (424920.91724 4512424.21158)
15127,7,0,Red,Daybreak to SLC CBD to UofU LRT,1,0,0,0,1,0,0,424766.0,4512379.0,1135,POINT (424766 4512379)
15123,7,0,Red,Daybreak to SLC CBD to UofU LRT,1,0,0,0,1,0,0,424749.7334,4511976.899,1133,POINT (424749.7334 4511976.899)
15118,7,0,Red,Daybreak to SLC CBD to UofU LRT,0,0,0,0,0,0,0,424748.0,4511818.0,1132,POINT (424748 4511818)
15114,7,0,Red,Daybreak to SLC CBD to UofU LRT,0,0,0,0,0,0,0,424323.0,4511820.0,1128,POINT (424323 4511820)
15109,7,0,Red,Daybreak to SLC CBD to UofU LRT,1,0,0,0,1,0,0,424322.0,4511422.0,1128,POINT (424322 4511422)
15104,7,0,Red,Daybreak to SLC CBD to UofU LRT,1,0,0,0,1,0,0,424288.0,4510488.0,1191,POINT (424288 4510488)
15100,7,0,Red,Daybreak to SLC CBD to UofU LRT,0,0,0,0,0,0,0,424275.5237,4509590.245,1228,POINT (424275.5237 4509590.245)
15095,7,0,Red,Daybreak to SLC CBD to UofU LRT,1,0,0,0,1,0,0,424260.0,4508556.0,1444,POINT (424260 4508556)
15094,7,0,Red,Daybreak to SLC CBD to UofU LRT,0,0,0,0,0,0,0,424255.2792,4508304.672,1451,POINT (424255.2792 4508304.672)
15086,7,0,Red,Daybreak to SLC CBD to UofU LRT,1,0,0,0,1,0,0,424229.0,4505924.0,1473,POINT (424229 4505924)
15080,7,0,Red,Daybreak to SLC CBD to UofU LRT,1,0,0,0,1,0,0,424237.0,4504457.0,1491,POINT (424237 4504457)
15077,7,0,Red,Daybreak to SLC CBD to UofU LRT,1,0,0,0,1,0,0,424447.0,4503260.0,1619,POINT (424447 4503260)
15073,7,0,Red,Daybreak to SLC CBD to UofU LRT,0,0,0,0,0,0,0,424445.0,4501758.0,1628,POINT (424445 4501758)
10016,7,0,Red,Daybreak to SLC CBD to UofU LRT,1,0,0,0,1,0,0,424253.3785,4501376.055,1633,POINT (424253.3785 4501376.055)
15068,7,0,Red,Daybreak to SLC CBD to UofU LRT,1,0,0,0,1,0,0,424062.0,4498460.0,1669,POINT (424062 4498460)
15067,7,0,Red,Daybreak to SLC CBD to UofU LRT,0,0,0,0,0,0,0,423793.0,4498280.0,1668,POINT (423793 4498280)
15065,7,0,Red,Daybreak to SLC CBD to UofU LRT,0,0,0,0,0,0,0,423361.0,4497865.0,1667,POINT (423361 4497865)
15064,7,0,Red,Daybreak to SLC CBD to UofU LRT,0,0,0,0,0,0,0,423271.0,4497623.0,1786,POINT (423271 4497623)
15060,7,0,Red,Daybreak to SLC CBD to UofU LRT,0,0,0,0,0,0,0,423195.0,4496749.0,1800,POINT (423195 4496749)
15059,7,0,Red,Daybreak to SLC CBD to UofU LRT,1,0,0,0,1,0,0,422719.0,4496674.0,1798,POINT (422719 4496674)
15057,7,0,Red,Daybreak to SLC CBD to UofU LRT,0,0,0,0,0,0,0,422158.0,4496552.0,1790,POINT (422158 4496552)
15055,7,0,Red,Daybreak to SLC CBD to UofU LRT,0,0,0,0,0,0,0,422022.0,4495984.0,1727,POINT (422022 4495984)
15054,7,0,Red,Daybreak to SLC CBD to UofU LRT,0,0,0,0,0,0,0,421969.0,4495791.0,1745,POINT (421969 4495791)
15052,7,0,Red,Daybreak to SLC CBD to UofU LRT,1,0,0,0,1,0,0,421813.0,4495654.0,1745,POINT (421813 4495654)
15050,7,0,Red,Daybreak to SLC CBD to UofU LRT,1,0,0,0,1,0,0,420804.0,4495330.0,1744,POINT (420804 4495330)
15042,7,0,Red,Daybreak to SLC CBD to UofU LRT,1,0,0,0,1,0,0,419011.0,4494681.0,1742,POINT (419011 4494681)
15036,7,0,Red,Daybreak to SLC CBD to UofU LRT,1,0,0,0,1,0,0,417814.0,4494239.0,1760,POINT (417814 4494239)
15033,7,0,Red,Daybreak to SLC CBD to UofU LRT,0,0,0,0,0,0,0,416627.0,4493800.0,1751,POINT (416627 4493800)
15024,7,0,Red,Daybreak to SLC CBD to UofU LRT,1,0,0,0,1,0,0,415054.0,4492802.0,1773,POINT (415054 4492802)
15016,7,0,Red,Daybreak to SLC CBD to UofU LRT,1,0,0,0,1,0,0,413317.1696,4491658.933,1785,POINT (413317.1696 4491658.933)
15173,7,0,Red,Daybreak to SLC CBD to UofU LRT,0,0,0,0,0,0,0,413300.53991,4491109.12261,1785,POINT (413300.53991 4491109.12261)
15174,7,0,Red,Daybreak to SLC CBD to UofU LRT,0,0,0,0,0,0,0,413286.9063,4490617.61235,1967,POINT (413286.9063 4490617.61235)
15014,7,0,Red,Daybreak to SLC CBD to UofU LRT,1,0,0,0,1,0,0,413272.85,4490227.255,1967,POINT (413272.85 4490227.255)
15013,7,0,Red,Daybreak to SLC CBD to UofU LRT,0,0,0,0,0,0,0,413280.6977,4489870.182,1967,POINT (413280.6977 4489870.182)
15012,7,0,Red,Daybreak to SLC CBD to UofU LRT,0,0,0,0,0,0,0,413538.4262,4489498.555,1975,POINT (413538.4262 4489498.555)
15175,7,0,Red,Daybreak to SLC CBD to UofU LRT,0,0,0,0,0,0,0,413827.89591,4489092.34735,1975,POINT (413827.89591 4489092.34735)
15176,7,0,Red,Daybreak to SLC CBD to UofU LRT,0,0,0,0,0,0,0,414081.20208,4488734.10005,1996,POINT (414081.20208 4488734.10005)
15011,7,0,Red,Daybreak to SLC CBD to UofU LRT,1,0,0,0,1,0,0,414410.87395,4488306.61369,2010,POINT (414410.8739530015 4488306.613690423)
15107,7,0,Sline,Sugarhouse Streetcar,1,0,0,0,1,0,0,427247.4516,4508338.241,1273,POINT (427247.4516 4508338.241)
15106,7,0,Sline,Sugarhouse Streetcar,1,0,0,0,1,0,0,426897.0502,4508342.621,1272,POINT (426897.0502 4508342.621)
15103,7,0,Sline,Sugarhouse Streetcar,1,0,0,0,1,0,0,426391.1582,4508351.381,1271,POINT (426391.1582 4508351.381)
15102,7,0,Sline,Sugarhouse Streetcar,1,0,0,0,1,0,0,426045.1368,4508294.441,1283,POINT (426045.1368 4508294.441)
15099,7,0,Sline,Sugarhouse Streetcar,1,0,0,0,1,0,0,425539.2448,4508287.871,1460,POINT (425539.2448 4508287.871)
15098,7,0,Sline,Sugarhouse Streetcar,1,0,0,0,1,0,0,425035.5428,4508281.301,1458,POINT (425035.5428 4508281.301)
15097,7,0,Sline,Sugarhouse Streetcar,1,0,0,0,1,0,0,424660.379,4508298.843,1455,POINT (424660.379 4508298.843)
15094,7,0,Sline,Sugarhouse Streetcar,0,0,0,0,0,0,0,424255.2792,4508304.672,1451,POINT (424255.2792 4508304.672)
15095,7,0,Sline,Sugarhouse Streetcar,1,0,0,0,1,0,0,424260.0,4508556.0,1444,POINT (424260 4508556)
50024,8,0,RCRT_OGPN,Ogden to Provo CRT,1,0,0,0,0,1,0,443771.3641,4452975.47,3001,POINT (443771.3641 4452975.47)
50025,8,0,RCRT_OGPN,Ogden to Provo CRT,0,0,0,0,0,0,0,443008.0,4453017.095,2999,POINT (443008 4453017.095)
51004,8,0,RCRT_OGPN,Ogden to Provo CRT,0,0,0,0,0,0,0,442731.9234,4453127.172,3003,POINT (442731.9234 4453127.172)
50026,8,0,RCRT_OGPN,Ogden to Provo CRT,0,0,0,0,0,0,0,442518.0313,4453307.101,3002,POINT (442518.0313 4453307.101)
50027,8,0,RCRT_OGPN,Ogden to Provo CRT,0,0,0,0,0,0,0,441942.4688,4454048.792,2964,POINT (441942.4688 4454048.792)
50028,8,0,RCRT_OGPN,Ogden to Provo CRT,0,0,0,0,0,0,0,438818.5938,4458310.989,2878,POINT (438818.5938 4458310.989)
50029,8,0,RCRT_OGPN,Ogden to Provo CRT,1,0,0,0,0,1,0,438356.2813,4459074.432,2882,POINT (438356.2813 4459074.432)
50030,8,0,RCRT_OGPN,Ogden to Provo CRT,1,0,0,0,0,1,0,436331.2561,4462640.923,2792,POINT (436331.2561 4462640.923)
50031,8,0,RCRT_OGPN,Ogden to Provo CRT,0,0,0,0,0,0,0,435281.4688,4464674.501,2797,POINT (435281.4688 4464674.501)
50032,8,0,RCRT_OGPN,Ogden to Provo CRT,0,0,0,0,0,0,0,433098.0,4467638.928,2735,POINT (433098 4467638.928)
50033,8,0,RCRT_OGPN,Ogden to Provo CRT,0,0,0,0,0,0,0,432054.0625,4469041.453,2734,POINT (432054.0625 4469041.453)
50034,8,0,RCRT_OGPN,Ogden to Provo CRT,0,0,0,0,0,0,0,431771.1563,4469256.613,2726,POINT (431771.1563 4469256.613)
50035,8,0,RCRT_OGPN,Ogden to Provo CRT,1,0,0,0,0,1,0,430424.0464,4469659.94,2728,POINT (430424.0464 4469659.94)
50036,8,0,RCRT_OGPN,Ogden to Provo CRT,0,0,0,0,0,0,0,427694.1875,4470442.316,2544,POINT (427694.1875 4470442.316)
51007,8,0,RCRT_OGPN,Ogden to Provo CRT,0,0,0,0,0,0,0,427531.0549,4470535.226,2544,POINT (427531.0549 4470535.226)
50037,8,0,RCRT_OGPN,Ogden to Provo CRT,0,0,0,0,0,0,0,427432.125,4470718.948,2543,POINT (427432.125 4470718.948)
51008,8,0,RCRT_OGPN,Ogden to Provo CRT,0,0,0,0,0,0,0,427402.1959,4471285.692,2568,POINT (427402.1959 4471285.692)
51009,8,0,RCRT_OGPN,Ogden to Provo CRT,0,0,0,0,0,0,0,427314.6221,4471508.177,2559,POINT (427314.6221 4471508.177)
50039,8,0,RCRT_OGPN,Ogden to Provo CRT,0,0,0,0,0,0,0,425235.2188,4473839.358,2567,POINT (425235.2188 4473839.358)
50040,8,0,RCRT_OGPN,Ogden to Provo CRT,1,0,0,0,0,1,0,423964.9278,4475360.891,2605,POINT (423964.9278 4475360.891)
51012,8,0,RCRT_OGPN,Ogden to Provo CRT,0,0,0,0,0,0,0,422620.1138,4476973.743,2597,POINT (422620.1138 4476973.743)
51011,8,0,RCRT_OGPN,Ogden to Provo CRT,0,0,0,0,0,0,0,422489.0116,4477067.387,2630,POINT (422489.0116 4477067.387)
51010,8,0,RCRT_OGPN,Ogden to Provo CRT,0,0,0,0,0,0,0,421935.5907,4477192.828,2598,POINT (421935.5907 4477192.828)
10001,8,0,RCRT_OGPN,Ogden to Provo CRT,0,0,0,0,0,0,0,421814.088,4477329.518,2185,POINT (421814.088 4477329.518)
10002,8,0,RCRT_OGPN,Ogden to Provo CRT,0,0,0,0,0,0,0,421780.8954,4478149.861,2186,POINT (421780.8954 4478149.861)
10003,8,0,RCRT_OGPN,Ogden to Provo CRT,0,0,0,0,0,0,0,420953.0,4479077.0,2186,POINT (420953 4479077)
10004,8,0,RCRT_OGPN,Ogden to Provo CRT,0,0,0,0,0,0,0,420933.0,4479869.0,2182,POINT (420933 4479869)
10005,8,0,RCRT_OGPN,Ogden to Provo CRT,0,0,0,0,0,0,0,421113.0,4480247.0,2182,POINT (421113 4480247)
10006,8,0,RCRT_OGPN,Ogden to Provo CRT,0,0,0,0,0,0,0,421944.9821,4482236.478,2170,POINT (421944.9821 4482236.478)
10060,8,0,RCRT_OGPN,Ogden to Provo CRT,0,0,0,0,0,0,0,422315.73314,4482875.39288,2170,POINT (422315.73314 4482875.39288)
10007,8,0,RCRT_OGPN,Ogden to Provo CRT,0,0,0,0,0,0,0,423391.666,4484836.235,2127,POINT (423391.666 4484836.235)
10008,8,0,RCRT_OGPN,Ogden to Provo CRT,1,0,0,0,0,1,0,423401.1517,4485422.991,2117,POINT (423401.1517 4485422.991)
10009,8,0,RCRT_OGPN,Ogden to Provo CRT,0,0,0,0,0,0,0,423374.533,4486906.366,2102,POINT (423374.533 4486906.366)
10010,8,0,RCRT_OGPN,Ogden to Provo CRT,1,0,0,0,0,1,0,423760.0,4490625.0,1973,POINT (423760 4490625)
10011,8,0,RCRT_OGPN,Ogden to Provo CRT,0,0,0,0,0,0,0,423431.6298,4492024.218,1885,POINT (423431.6298 4492024.218)
10012,8,0,RCRT_OGPN,Ogden to Provo CRT,0,0,0,0,0,0,0,423621.8844,4493610.395,1861,POINT (423621.8844 4493610.395)
10013,8,0,RCRT_OGPN,Ogden to Provo CRT,0,0,0,0,0,0,0,423272.2065,4496340.891,1800,POINT (423272.2065 4496340.891)
10014,8,0,RCRT_OGPN,Ogden to Provo CRT,0,0,0,0,0,0,0,423847.466,4499285.768,1657,POINT (423847.466 4499285.768)
10015,8,0,RCRT_OGPN,Ogden to Provo CRT,0,0,0,0,0,0,0,423893.8692,4500286.191,1641,POINT (423893.8692 4500286.191)
10016,8,0,RCRT_OGPN,Ogden to Provo CRT,1,0,0,0,0,1,0,424253.3785,4501376.055,1633,POINT (424253.3785 4501376.055)
10017,8,0,RCRT_OGPN,Ogden to Provo CRT,0,0,0,0,0,0,0,424196.617,4503496.423,1619,POINT (424196.617 4503496.423)
10018,8,0,RCRT_OGPN,Ogden to Provo CRT,0,0,0,0,0,0,0,423271.2961,4507232.176,1440,POINT (423271.2961 4507232.176)
10019,8,0,RCRT_OGPN,Ogden to Provo CRT,1,0,0,0,0,1,0,423276.393,4512777.323,1024,POINT (423276.393 4512777.323)
10020,8,0,RCRT_OGPN,Ogden to Provo CRT,0,0,0,0,0,0,0,423082.5512,4513313.446,1023,POINT (423082.5512 4513313.446)
10021,8,0,RCRT_OGPN,Ogden to Provo CRT,1,0,0,0,0,1,0,423610.8845,4513767.165,1027,POINT (423610.8845 4513767.165)
10022,8,0,RCRT_OGPN,Ogden to Provo CRT,0,0,0,0,0,0,0,423565.0,4515078.0,963,POINT (423565 4515078)
10023,8,0,RCRT_OGPN,Ogden to Provo CRT,0,0,0,0,0,0,0,422393.9771,4517259.026,949,POINT (422393.9771 4517259.026)
10024,8,0,RCRT_OGPN,Ogden to Provo CRT,0,0,0,0,0,0,0,422628.1308,4521383.362,890,POINT (422628.1308 4521383.362)
10025,8,0,RCRT_OGPN,Ogden to Provo CRT,1,0,0,0,0,1,0,423899.0206,4525990.539,863,POINT (423899.0206 4525990.539)
10026,8,0,RCRT_OGPN,Ogden to Provo CRT,0,0,0,0,0,0,0,424856.6288,4528390.212,819,POINT (424856.6288 4528390.212)
10027,8,0,RCRT_OGPN,Ogden to Provo CRT,0,0,0,0,0,0,0,424885.6961,4530211.766,806,POINT (424885.6961 4530211.766)
10028,8,0,RCRT_OGPN,Ogden to Provo CRT,0,0,0,0,0,0,0,424893.7704,4530491.136,801,POINT (424893.7704 4530491.136)
10029,8,0,RCRT_OGPN,Ogden to Provo CRT,0,0,0,0,0,0,0,424957.602,4535336.527,789,POINT (424957.602 4535336.527)
10032,8,0,RCRT_OGPN,Ogden to Provo CRT,0,0,0,0,0,0,0,424362.2517,4537345.212,780,POINT (424362.2517 4537345.212)
10031,8,0,RCRT_OGPN,Ogden to Provo CRT,1,0,0,0,0,1,0,423905.0949,4537796.948,780,POINT (423905.0949 4537796.948)
10030,8,0,RCRT_OGPN,Ogden to Provo CRT,0,0,0,0,0,0,0,421190.3415,4540085.891,765,POINT (421190.3415 4540085.891)
10033,8,0,RCRT_OGPN,Ogden to Provo CRT,0,0,0,0,0,0,0,420171.164,4542927.542,756,POINT (420171.164 4542927.542)
10035,8,0,RCRT_OGPN,Ogden to Provo CRT,1,0,0,0,0,1,0,418900.9502,4545515.674,737,POINT (418900.9502 4545515.674)
10034,8,0,RCRT_OGPN,Ogden to Provo CRT,0,0,0,0,0,0,0,415598.1855,4548443.256,709,POINT (415598.1855 4548443.256)
10036,8,0,RCRT_OGPN,Ogden to Provo CRT,1,0,0,0,0,1,0,414829.2683,4549753.942,663,POINT (414829.2683 4549753.942)
10037,8,0,RCRT_OGPN,Ogden to Provo CRT,0,0,0,0,0,0,0,413100.1001,4552901.611,644,POINT (413100.1001 4552901.611)
10038,8,0,RCRT_OGPN,Ogden to Provo CRT,0,0,0,0,0,0,0,413070.95178,4554788.82684,625,POINT (413070.95178 4554788.82684)
10039,8,0,RCRT_OGPN,Ogden to Provo CRT,0,0,0,0,0,0,0,413061.9461,4555795.876,622,POINT (413061.9461 4555795.876)
10040,8,0,RCRT_OGPN,Ogden to Provo CRT,0,0,0,0,0,0,0,412338.6428,4558552.768,509,POINT (412338.6428 4558552.768)
10041,8,0,RCRT_OGPN,Ogden to Provo CRT,0,0,0,0,0,0,0,412435.895,4559468.105,500,POINT (412435.895 4559468.105)
10042,8,0,RCRT_OGPN,Ogden to Provo CRT,1,0,0,0,0,1,0,412820.7567,4560266.171,500,POINT (412820.7567 4560266.171)
10043,8,0,RCRT_OGPN,Ogden to Provo CRT,0,0,0,0,0,0,0,414991.37402,4562544.50764,385,POINT (414991.37402 4562544.50764)
10044,8,0,RCRT_OGPN,Ogden to Provo CRT,0,0,0,0,0,0,0,417127.2167,4562606.951,388,POINT (417127.2167 4562606.951)
10045,8,0,RCRT_OGPN,Ogden to Provo CRT,0,0,0,0,0,0,0,417755.0563,4563273.132,388,POINT (417755.0563 4563273.132)
10046,8,0,RCRT_OGPN,Ogden to Provo CRT,1,0,0,0,0,1,0,417871.0,4564006.0,368,POINT (417871 4564006)
25443,6,0,S451X,S451X,1,0,0,1,0,0,0,424070.0,4513299.0,1073,POINT (424070 4513299)
25439,6,0,S472X,S472X,1,0,0,1,0,0,0,425028.0,4512325.0,1142,POINT (425028 4512325)
26120,6,0,S473X,S473X,1,0,0,1,0,0,0,429621.1066,4511907.827,1102,POINT (429621.1066 4511907.827)
